id,title,description,image_link,link,product_type,brand,price,availability,item_group_id,checkout_url,additional_image_link,sale_price_effective_date,sale_price,condition,visibility,gender,color,size,pattern,google_product_category,default_product,variant
wc_post_id_1522,"Pocket Altar","Awaken the North is proud to present our very own Pocket Altar set!  This will come in a small metal 'Altoids' style tin, with AtN's logo on the front, and the Hávamál stanza 116 'If you go traveling over mountains and fjords, don't forget to take your supplies' on the inside of the lid. Within the tin will be a small candle, a cardstock printed standable representation of Odin, Frigg, Thor, Freyja, and Tyr (to start with), a pack of incense matches, and a small mjolnir, bout the size of a quarter. These are for sale to the public, with each purchase funding one being sent for FREE to our active duty military personnel who are deployed overseas!",https://www.awakenthenorth.org/wp-content/uploads/2020/11/setup-rotated.jpg,https://www.awakenthenorth.org/product/pocket-altar/,"All Items, Accessories, Misc.","Awaken The North",17.5USD,in stock,wc_post_id_1522,,"https://www.awakenthenorth.org/wp-content/uploads/2020/10/119746354_643967819587331_3318125697605738176_n.jpg,https://www.awakenthenorth.org/wp-content/uploads/2020/11/123768878_275034917259919_2999301460150558888_n.jpg,https://www.awakenthenorth.org/wp-content/uploads/2020/11/124402160_3031937946905887_2998331668536393717_n.jpg,https://www.awakenthenorth.org/wp-content/uploads/2020/10/all-5.jpg,https://www.awakenthenorth.org/wp-content/uploads/2020/10/Freya-1.jpg",1970-01-29T00:00+00:00/1970-01-30T23:59+00:00,17.5USD,new,published,,,,,,,
wc_post_id_1505,"Hardbound Havamal in Everyday English","Awaken the North's Hardbound Full Colour Havamal in Everyday English, by Goði Beast 
 
  
 
Please allow up to 3 weeks for delivery, as these are ordered in bulk from the printer.",https://www.awakenthenorth.org/wp-content/uploads/2020/11/Cover.jpg,https://www.awakenthenorth.org/product/hardbound-havamal-in-everyday-english/,"Books","Awaken The North",15USD,in stock,wc_post_id_1505,,"https://www.awakenthenorth.org/wp-content/uploads/2020/11/Title.jpg,https://www.awakenthenorth.org/wp-content/uploads/2020/11/1.jpg,https://www.awakenthenorth.org/wp-content/uploads/2020/11/2.jpg,https://www.awakenthenorth.org/wp-content/uploads/2020/11/back.jpg",1970-01-29T00:00+00:00/1970-01-30T23:59+00:00,15USD,new,published,,,,,,,
5F9CC3AAD02A8_Navy-M_1493,"Men's heavyweight Shield Wall tee","Color: Navy, Size: M",https://www.awakenthenorth.org/wp-content/uploads/2020/10/mockup-c9fd4b61.jpg,https://www.awakenthenorth.org/product/mens-heavyweight-shield-wall-tee/?attribute_color=Navy&attribute_size=M,"Clothing","Awaken The North",29USD,in stock,wc_post_id_1484,,"https://www.awakenthenorth.org/wp-content/uploads/2020/10/mockup-2280eedb.jpg,https://www.awakenthenorth.org/wp-content/uploads/2020/10/mockup-0d75ee92.jpg,https://www.awakenthenorth.org/wp-content/uploads/2020/10/mockup-33b59849.jpg,https://www.awakenthenorth.org/wp-content/uploads/2020/10/mockup-f50cbbaa.jpg,https://www.awakenthenorth.org/wp-content/uploads/2020/10/mockup-c9fd4b61.jpg",1970-01-29T00:00+00:00/1970-01-30T23:59+00:00,29USD,new,published,,,,,,,
5F9CC3AAD02A8_Navy-L_1494,"Men's heavyweight Shield Wall tee","Color: Navy, Size: L",https://www.awakenthenorth.org/wp-content/uploads/2020/10/mockup-c9fd4b61.jpg,https://www.awakenthenorth.org/product/mens-heavyweight-shield-wall-tee/?attribute_color=Navy&attribute_size=L,"Clothing","Awaken The North",29USD,in stock,wc_post_id_1484,,"https://www.awakenthenorth.org/wp-content/uploads/2020/10/mockup-2280eedb.jpg,https://www.awakenthenorth.org/wp-content/uploads/2020/10/mockup-0d75ee92.jpg,https://www.awakenthenorth.org/wp-content/uploads/2020/10/mockup-33b59849.jpg,https://www.awakenthenorth.org/wp-content/uploads/2020/10/mockup-f50cbbaa.jpg,https://www.awakenthenorth.org/wp-content/uploads/2020/10/mockup-c9fd4b61.jpg",1970-01-29T00:00+00:00/1970-01-30T23:59+00:00,29USD,new,published,,,,,,,
5F9CC3AAD02A8_Navy-XL_1495,"Men's heavyweight Shield Wall tee","Color: Navy, Size: XL",https://www.awakenthenorth.org/wp-content/uploads/2020/10/mockup-c9fd4b61.jpg,https://www.awakenthenorth.org/product/mens-heavyweight-shield-wall-tee/?attribute_color=Navy&attribute_size=XL,"Clothing","Awaken The North",29USD,in stock,wc_post_id_1484,,"https://www.awakenthenorth.org/wp-content/uploads/2020/10/mockup-2280eedb.jpg,https://www.awakenthenorth.org/wp-content/uploads/2020/10/mockup-0d75ee92.jpg,https://www.awakenthenorth.org/wp-content/uploads/2020/10/mockup-33b59849.jpg,https://www.awakenthenorth.org/wp-content/uploads/2020/10/mockup-f50cbbaa.jpg,https://www.awakenthenorth.org/wp-content/uploads/2020/10/mockup-c9fd4b61.jpg",1970-01-29T00:00+00:00/1970-01-30T23:59+00:00,29USD,new,published,,,,,,,
5F9CC3AAD02A8_Navy-2XL_1496,"Men's heavyweight Shield Wall tee","Color: Navy, Size: 2XL",https://www.awakenthenorth.org/wp-content/uploads/2020/10/mockup-c9fd4b61.jpg,https://www.awakenthenorth.org/product/mens-heavyweight-shield-wall-tee/?attribute_color=Navy&attribute_size=2XL,"Clothing","Awaken The North",32USD,in stock,wc_post_id_1484,,"https://www.awakenthenorth.org/wp-content/uploads/2020/10/mockup-2280eedb.jpg,https://www.awakenthenorth.org/wp-content/uploads/2020/10/mockup-0d75ee92.jpg,https://www.awakenthenorth.org/wp-content/uploads/2020/10/mockup-33b59849.jpg,https://www.awakenthenorth.org/wp-content/uploads/2020/10/mockup-f50cbbaa.jpg,https://www.awakenthenorth.org/wp-content/uploads/2020/10/mockup-c9fd4b61.jpg",1970-01-29T00:00+00:00/1970-01-30T23:59+00:00,32USD,new,published,,,,,,,
5F9CC3AAD02A8_Black-2XL_1491,"Men's heavyweight Shield Wall tee","Color: Black, Size: 2XL",https://www.awakenthenorth.org/wp-content/uploads/2020/10/mockup-2280eedb.jpg,https://www.awakenthenorth.org/product/mens-heavyweight-shield-wall-tee/?attribute_color=Black&attribute_size=2XL,"Clothing","Awaken The North",32USD,in stock,wc_post_id_1484,,"https://www.awakenthenorth.org/wp-content/uploads/2020/10/mockup-0d75ee92.jpg,https://www.awakenthenorth.org/wp-content/uploads/2020/10/mockup-33b59849.jpg,https://www.awakenthenorth.org/wp-content/uploads/2020/10/mockup-f50cbbaa.jpg,https://www.awakenthenorth.org/wp-content/uploads/2020/10/mockup-c9fd4b61.jpg,https://www.awakenthenorth.org/wp-content/uploads/2020/10/mockup-bc3e7dd0.jpg",1970-01-29T00:00+00:00/1970-01-30T23:59+00:00,32USD,new,published,,,,,,,
5F9CC3AAD02A8_Navy-S_1492,"Men's heavyweight Shield Wall tee","Color: Navy, Size: S",https://www.awakenthenorth.org/wp-content/uploads/2020/10/mockup-c9fd4b61.jpg,https://www.awakenthenorth.org/product/mens-heavyweight-shield-wall-tee/?attribute_color=Navy&attribute_size=S,"Clothing","Awaken The North",29USD,in stock,wc_post_id_1484,,"https://www.awakenthenorth.org/wp-content/uploads/2020/10/mockup-2280eedb.jpg,https://www.awakenthenorth.org/wp-content/uploads/2020/10/mockup-0d75ee92.jpg,https://www.awakenthenorth.org/wp-content/uploads/2020/10/mockup-33b59849.jpg,https://www.awakenthenorth.org/wp-content/uploads/2020/10/mockup-f50cbbaa.jpg,https://www.awakenthenorth.org/wp-content/uploads/2020/10/mockup-c9fd4b61.jpg",1970-01-29T00:00+00:00/1970-01-30T23:59+00:00,29USD,new,published,,,,,,,
5F9CC3AAD02A8_Black-XL_1490,"Men's heavyweight Shield Wall tee","Color: Black, Size: XL",https://www.awakenthenorth.org/wp-content/uploads/2020/10/mockup-2280eedb.jpg,https://www.awakenthenorth.org/product/mens-heavyweight-shield-wall-tee/?attribute_color=Black&attribute_size=XL,"Clothing","Awaken The North",29USD,in stock,wc_post_id_1484,,"https://www.awakenthenorth.org/wp-content/uploads/2020/10/mockup-0d75ee92.jpg,https://www.awakenthenorth.org/wp-content/uploads/2020/10/mockup-33b59849.jpg,https://www.awakenthenorth.org/wp-content/uploads/2020/10/mockup-f50cbbaa.jpg,https://www.awakenthenorth.org/wp-content/uploads/2020/10/mockup-c9fd4b61.jpg,https://www.awakenthenorth.org/wp-content/uploads/2020/10/mockup-bc3e7dd0.jpg",1970-01-29T00:00+00:00/1970-01-30T23:59+00:00,29USD,new,published,,,,,,,
5F9CC3AAD02A8_Black-M_1488,"Men's heavyweight Shield Wall tee","Color: Black, Size: M",https://www.awakenthenorth.org/wp-content/uploads/2020/10/mockup-2280eedb.jpg,https://www.awakenthenorth.org/product/mens-heavyweight-shield-wall-tee/?attribute_color=Black&attribute_size=M,"Clothing","Awaken The North",29USD,in stock,wc_post_id_1484,,"https://www.awakenthenorth.org/wp-content/uploads/2020/10/mockup-0d75ee92.jpg,https://www.awakenthenorth.org/wp-content/uploads/2020/10/mockup-33b59849.jpg,https://www.awakenthenorth.org/wp-content/uploads/2020/10/mockup-f50cbbaa.jpg,https://www.awakenthenorth.org/wp-content/uploads/2020/10/mockup-c9fd4b61.jpg,https://www.awakenthenorth.org/wp-content/uploads/2020/10/mockup-bc3e7dd0.jpg",1970-01-29T00:00+00:00/1970-01-30T23:59+00:00,29USD,new,published,,,,,,,
5F9CC3AAD02A8_Black-L_1489,"Men's heavyweight Shield Wall tee","Color: Black, Size: L",https://www.awakenthenorth.org/wp-content/uploads/2020/10/mockup-2280eedb.jpg,https://www.awakenthenorth.org/product/mens-heavyweight-shield-wall-tee/?attribute_color=Black&attribute_size=L,"Clothing","Awaken The North",29USD,in stock,wc_post_id_1484,,"https://www.awakenthenorth.org/wp-content/uploads/2020/10/mockup-0d75ee92.jpg,https://www.awakenthenorth.org/wp-content/uploads/2020/10/mockup-33b59849.jpg,https://www.awakenthenorth.org/wp-content/uploads/2020/10/mockup-f50cbbaa.jpg,https://www.awakenthenorth.org/wp-content/uploads/2020/10/mockup-c9fd4b61.jpg,https://www.awakenthenorth.org/wp-content/uploads/2020/10/mockup-bc3e7dd0.jpg",1970-01-29T00:00+00:00/1970-01-30T23:59+00:00,29USD,new,published,,,,,,,
5F9CC3AAD02A8_Black-S_1487,"Men's heavyweight Shield Wall tee","Color: Black, Size: S",https://www.awakenthenorth.org/wp-content/uploads/2020/10/mockup-2280eedb.jpg,https://www.awakenthenorth.org/product/mens-heavyweight-shield-wall-tee/?attribute_color=Black&attribute_size=S,"Clothing","Awaken The North",29USD,in stock,wc_post_id_1484,,"https://www.awakenthenorth.org/wp-content/uploads/2020/10/mockup-0d75ee92.jpg,https://www.awakenthenorth.org/wp-content/uploads/2020/10/mockup-33b59849.jpg,https://www.awakenthenorth.org/wp-content/uploads/2020/10/mockup-f50cbbaa.jpg,https://www.awakenthenorth.org/wp-content/uploads/2020/10/mockup-c9fd4b61.jpg,https://www.awakenthenorth.org/wp-content/uploads/2020/10/mockup-bc3e7dd0.jpg",1970-01-29T00:00+00:00/1970-01-30T23:59+00:00,29USD,new,published,,,,,,default,
5F99EDC760BCC_Dark-Heather-3XL_1478,"Shield Wall Short-Sleeve Unisex T-Shirt","Color: Dark Heather, Size: 3XL",https://www.awakenthenorth.org/wp-content/uploads/2020/10/mockup-1482ba8d.jpg,https://www.awakenthenorth.org/product/shield-wall-short-sleeve-unisex-t-shirt/?attribute_color=Dark+Heather&attribute_size=3XL,"Accessories","Awaken The North",26USD,in stock,wc_post_id_1458,,"https://www.awakenthenorth.org/wp-content/uploads/2020/10/mockup-f228e774.jpg,https://www.awakenthenorth.org/wp-content/uploads/2020/10/mockup-08ce683e.jpg,https://www.awakenthenorth.org/wp-content/uploads/2020/10/mockup-1482ba8d.jpg",1970-01-29T00:00+00:00/1970-01-30T23:59+00:00,26USD,new,published,,,,,,,
5F99EDC760BCC_Dark-Heather-2XL_1477,"Shield Wall Short-Sleeve Unisex T-Shirt","Color: Dark Heather, Size: 2XL",https://www.awakenthenorth.org/wp-content/uploads/2020/10/mockup-1482ba8d.jpg,https://www.awakenthenorth.org/product/shield-wall-short-sleeve-unisex-t-shirt/?attribute_color=Dark+Heather&attribute_size=2XL,"Accessories","Awaken The North",23.5USD,in stock,wc_post_id_1458,,"https://www.awakenthenorth.org/wp-content/uploads/2020/10/mockup-f228e774.jpg,https://www.awakenthenorth.org/wp-content/uploads/2020/10/mockup-08ce683e.jpg,https://www.awakenthenorth.org/wp-content/uploads/2020/10/mockup-1482ba8d.jpg",1970-01-29T00:00+00:00/1970-01-30T23:59+00:00,23.5USD,new,published,,,,,,,
5F99EDC760BCC_Dark-Heather-M_1474,"Shield Wall Short-Sleeve Unisex T-Shirt","Color: Dark Heather, Size: M",https://www.awakenthenorth.org/wp-content/uploads/2020/10/mockup-1482ba8d.jpg,https://www.awakenthenorth.org/product/shield-wall-short-sleeve-unisex-t-shirt/?attribute_color=Dark+Heather&attribute_size=M,"Accessories","Awaken The North",21.5USD,in stock,wc_post_id_1458,,"https://www.awakenthenorth.org/wp-content/uploads/2020/10/mockup-f228e774.jpg,https://www.awakenthenorth.org/wp-content/uploads/2020/10/mockup-08ce683e.jpg,https://www.awakenthenorth.org/wp-content/uploads/2020/10/mockup-1482ba8d.jpg",1970-01-29T00:00+00:00/1970-01-30T23:59+00:00,21.5USD,new,published,,,,,,,
5F99EDC760BCC_Dark-Heather-L_1475,"Shield Wall Short-Sleeve Unisex T-Shirt","Color: Dark Heather, Size: L",https://www.awakenthenorth.org/wp-content/uploads/2020/10/mockup-1482ba8d.jpg,https://www.awakenthenorth.org/product/shield-wall-short-sleeve-unisex-t-shirt/?attribute_color=Dark+Heather&attribute_size=L,"Accessories","Awaken The North",21.5USD,in stock,wc_post_id_1458,,"https://www.awakenthenorth.org/wp-content/uploads/2020/10/mockup-f228e774.jpg,https://www.awakenthenorth.org/wp-content/uploads/2020/10/mockup-08ce683e.jpg,https://www.awakenthenorth.org/wp-content/uploads/2020/10/mockup-1482ba8d.jpg",1970-01-29T00:00+00:00/1970-01-30T23:59+00:00,21.5USD,new,published,,,,,,,
5F99EDC760BCC_Dark-Heather-XL_1476,"Shield Wall Short-Sleeve Unisex T-Shirt","Color: Dark Heather, Size: XL",https://www.awakenthenorth.org/wp-content/uploads/2020/10/mockup-1482ba8d.jpg,https://www.awakenthenorth.org/product/shield-wall-short-sleeve-unisex-t-shirt/?attribute_color=Dark+Heather&attribute_size=XL,"Accessories","Awaken The North",21.5USD,in stock,wc_post_id_1458,,"https://www.awakenthenorth.org/wp-content/uploads/2020/10/mockup-f228e774.jpg,https://www.awakenthenorth.org/wp-content/uploads/2020/10/mockup-08ce683e.jpg,https://www.awakenthenorth.org/wp-content/uploads/2020/10/mockup-1482ba8d.jpg",1970-01-29T00:00+00:00/1970-01-30T23:59+00:00,21.5USD,new,published,,,,,,,
5F99EDC760BCC_Dark-Heather-S_1473,"Shield Wall Short-Sleeve Unisex T-Shirt","Color: Dark Heather, Size: S",https://www.awakenthenorth.org/wp-content/uploads/2020/10/mockup-1482ba8d.jpg,https://www.awakenthenorth.org/product/shield-wall-short-sleeve-unisex-t-shirt/?attribute_color=Dark+Heather&attribute_size=S,"Accessories","Awaken The North",21.5USD,in stock,wc_post_id_1458,,"https://www.awakenthenorth.org/wp-content/uploads/2020/10/mockup-f228e774.jpg,https://www.awakenthenorth.org/wp-content/uploads/2020/10/mockup-08ce683e.jpg,https://www.awakenthenorth.org/wp-content/uploads/2020/10/mockup-1482ba8d.jpg",1970-01-29T00:00+00:00/1970-01-30T23:59+00:00,21.5USD,new,published,,,,,,,
5F99EDC760BCC_Navy-2XL_1471,"Shield Wall Short-Sleeve Unisex T-Shirt","Color: Navy, Size: 2XL",https://www.awakenthenorth.org/wp-content/uploads/2020/10/mockup-08ce683e.jpg,https://www.awakenthenorth.org/product/shield-wall-short-sleeve-unisex-t-shirt/?attribute_color=Navy&attribute_size=2XL,"Accessories","Awaken The North",23.5USD,in stock,wc_post_id_1458,,"https://www.awakenthenorth.org/wp-content/uploads/2020/10/mockup-f228e774.jpg,https://www.awakenthenorth.org/wp-content/uploads/2020/10/mockup-08ce683e.jpg,https://www.awakenthenorth.org/wp-content/uploads/2020/10/mockup-1482ba8d.jpg",1970-01-29T00:00+00:00/1970-01-30T23:59+00:00,23.5USD,new,published,,,,,,,
5F99EDC760BCC_Navy-3XL_1472,"Shield Wall Short-Sleeve Unisex T-Shirt","Color: Navy, Size: 3XL",https://www.awakenthenorth.org/wp-content/uploads/2020/10/mockup-08ce683e.jpg,https://www.awakenthenorth.org/product/shield-wall-short-sleeve-unisex-t-shirt/?attribute_color=Navy&attribute_size=3XL,"Accessories","Awaken The North",26USD,in stock,wc_post_id_1458,,"https://www.awakenthenorth.org/wp-content/uploads/2020/10/mockup-f228e774.jpg,https://www.awakenthenorth.org/wp-content/uploads/2020/10/mockup-08ce683e.jpg,https://www.awakenthenorth.org/wp-content/uploads/2020/10/mockup-1482ba8d.jpg",1970-01-29T00:00+00:00/1970-01-30T23:59+00:00,26USD,new,published,,,,,,,
5F99EDC760BCC_Navy-XL_1470,"Shield Wall Short-Sleeve Unisex T-Shirt","Color: Navy, Size: XL",https://www.awakenthenorth.org/wp-content/uploads/2020/10/mockup-08ce683e.jpg,https://www.awakenthenorth.org/product/shield-wall-short-sleeve-unisex-t-shirt/?attribute_color=Navy&attribute_size=XL,"Accessories","Awaken The North",21.5USD,in stock,wc_post_id_1458,,"https://www.awakenthenorth.org/wp-content/uploads/2020/10/mockup-f228e774.jpg,https://www.awakenthenorth.org/wp-content/uploads/2020/10/mockup-08ce683e.jpg,https://www.awakenthenorth.org/wp-content/uploads/2020/10/mockup-1482ba8d.jpg",1970-01-29T00:00+00:00/1970-01-30T23:59+00:00,21.5USD,new,published,,,,,,,
5F99EDC760BCC_Navy-M_1468,"Shield Wall Short-Sleeve Unisex T-Shirt","Color: Navy, Size: M",https://www.awakenthenorth.org/wp-content/uploads/2020/10/mockup-08ce683e.jpg,https://www.awakenthenorth.org/product/shield-wall-short-sleeve-unisex-t-shirt/?attribute_color=Navy&attribute_size=M,"Accessories","Awaken The North",21.5USD,in stock,wc_post_id_1458,,"https://www.awakenthenorth.org/wp-content/uploads/2020/10/mockup-f228e774.jpg,https://www.awakenthenorth.org/wp-content/uploads/2020/10/mockup-08ce683e.jpg,https://www.awakenthenorth.org/wp-content/uploads/2020/10/mockup-1482ba8d.jpg",1970-01-29T00:00+00:00/1970-01-30T23:59+00:00,21.5USD,new,published,,,,,,,
5F99EDC760BCC_Navy-L_1469,"Shield Wall Short-Sleeve Unisex T-Shirt","Color: Navy, Size: L",https://www.awakenthenorth.org/wp-content/uploads/2020/10/mockup-08ce683e.jpg,https://www.awakenthenorth.org/product/shield-wall-short-sleeve-unisex-t-shirt/?attribute_color=Navy&attribute_size=L,"Accessories","Awaken The North",21.5USD,in stock,wc_post_id_1458,,"https://www.awakenthenorth.org/wp-content/uploads/2020/10/mockup-f228e774.jpg,https://www.awakenthenorth.org/wp-content/uploads/2020/10/mockup-08ce683e.jpg,https://www.awakenthenorth.org/wp-content/uploads/2020/10/mockup-1482ba8d.jpg",1970-01-29T00:00+00:00/1970-01-30T23:59+00:00,21.5USD,new,published,,,,,,,
5F99EDC760BCC_Navy-S_1467,"Shield Wall Short-Sleeve Unisex T-Shirt","Color: Navy, Size: S",https://www.awakenthenorth.org/wp-content/uploads/2020/10/mockup-08ce683e.jpg,https://www.awakenthenorth.org/product/shield-wall-short-sleeve-unisex-t-shirt/?attribute_color=Navy&attribute_size=S,"Accessories","Awaken The North",21.5USD,in stock,wc_post_id_1458,,"https://www.awakenthenorth.org/wp-content/uploads/2020/10/mockup-f228e774.jpg,https://www.awakenthenorth.org/wp-content/uploads/2020/10/mockup-08ce683e.jpg,https://www.awakenthenorth.org/wp-content/uploads/2020/10/mockup-1482ba8d.jpg",1970-01-29T00:00+00:00/1970-01-30T23:59+00:00,21.5USD,new,published,,,,,,,
5F99EDC760BCC_Black-2XL_1465,"Shield Wall Short-Sleeve Unisex T-Shirt","Color: Black, Size: 2XL",https://www.awakenthenorth.org/wp-content/uploads/2020/10/mockup-f228e774.jpg,https://www.awakenthenorth.org/product/shield-wall-short-sleeve-unisex-t-shirt/?attribute_color=Black&attribute_size=2XL,"Accessories","Awaken The North",23.5USD,in stock,wc_post_id_1458,,"https://www.awakenthenorth.org/wp-content/uploads/2020/10/mockup-08ce683e.jpg,https://www.awakenthenorth.org/wp-content/uploads/2020/10/mockup-1482ba8d.jpg",1970-01-29T00:00+00:00/1970-01-30T23:59+00:00,23.5USD,new,published,,,,,,,
5F99EDC760BCC_Black-3XL_1466,"Shield Wall Short-Sleeve Unisex T-Shirt","Color: Black, Size: 3XL",https://www.awakenthenorth.org/wp-content/uploads/2020/10/mockup-f228e774.jpg,https://www.awakenthenorth.org/product/shield-wall-short-sleeve-unisex-t-shirt/?attribute_color=Black&attribute_size=3XL,"Accessories","Awaken The North",26USD,in stock,wc_post_id_1458,,"https://www.awakenthenorth.org/wp-content/uploads/2020/10/mockup-08ce683e.jpg,https://www.awakenthenorth.org/wp-content/uploads/2020/10/mockup-1482ba8d.jpg",1970-01-29T00:00+00:00/1970-01-30T23:59+00:00,26USD,new,published,,,,,,,
5F99EDC760BCC_Black-L_1463,"Shield Wall Short-Sleeve Unisex T-Shirt","Color: Black, Size: L",https://www.awakenthenorth.org/wp-content/uploads/2020/10/mockup-f228e774.jpg,https://www.awakenthenorth.org/product/shield-wall-short-sleeve-unisex-t-shirt/?attribute_color=Black&attribute_size=L,"Accessories","Awaken The North",21.5USD,in stock,wc_post_id_1458,,"https://www.awakenthenorth.org/wp-content/uploads/2020/10/mockup-08ce683e.jpg,https://www.awakenthenorth.org/wp-content/uploads/2020/10/mockup-1482ba8d.jpg",1970-01-29T00:00+00:00/1970-01-30T23:59+00:00,21.5USD,new,published,,,,,,,
5F99EDC760BCC_Black-XL_1464,"Shield Wall Short-Sleeve Unisex T-Shirt","Color: Black, Size: XL",https://www.awakenthenorth.org/wp-content/uploads/2020/10/mockup-f228e774.jpg,https://www.awakenthenorth.org/product/shield-wall-short-sleeve-unisex-t-shirt/?attribute_color=Black&attribute_size=XL,"Accessories","Awaken The North",21.5USD,in stock,wc_post_id_1458,,"https://www.awakenthenorth.org/wp-content/uploads/2020/10/mockup-08ce683e.jpg,https://www.awakenthenorth.org/wp-content/uploads/2020/10/mockup-1482ba8d.jpg",1970-01-29T00:00+00:00/1970-01-30T23:59+00:00,21.5USD,new,published,,,,,,,
5F99EDC760BCC_Black-M_1462,"Shield Wall Short-Sleeve Unisex T-Shirt","Color: Black, Size: M",https://www.awakenthenorth.org/wp-content/uploads/2020/10/mockup-f228e774.jpg,https://www.awakenthenorth.org/product/shield-wall-short-sleeve-unisex-t-shirt/?attribute_color=Black&attribute_size=M,"Accessories","Awaken The North",21.5USD,in stock,wc_post_id_1458,,"https://www.awakenthenorth.org/wp-content/uploads/2020/10/mockup-08ce683e.jpg,https://www.awakenthenorth.org/wp-content/uploads/2020/10/mockup-1482ba8d.jpg",1970-01-29T00:00+00:00/1970-01-30T23:59+00:00,21.5USD,new,published,,,,,,,
5F99EDC760BCC_Black-S_1461,"Shield Wall Short-Sleeve Unisex T-Shirt","Color: Black, Size: S",https://www.awakenthenorth.org/wp-content/uploads/2020/10/mockup-f228e774.jpg,https://www.awakenthenorth.org/product/shield-wall-short-sleeve-unisex-t-shirt/?attribute_color=Black&attribute_size=S,"Accessories","Awaken The North",21.5USD,in stock,wc_post_id_1458,,"https://www.awakenthenorth.org/wp-content/uploads/2020/10/mockup-08ce683e.jpg,https://www.awakenthenorth.org/wp-content/uploads/2020/10/mockup-1482ba8d.jpg",1970-01-29T00:00+00:00/1970-01-30T23:59+00:00,21.5USD,new,published,,,,,,default,
5F99ED65D1B87_Dark-Heather-5XL_1445,"Shield Wall Unisex Hoodie","Color: Dark Heather, Size: 5XL",https://www.awakenthenorth.org/wp-content/uploads/2020/10/mockup-b609b71e.jpg,https://www.awakenthenorth.org/product/shield-wall-unisex-hoodie/?attribute_color=Dark+Heather&attribute_size=5XL,"Accessories","Awaken The North",49USD,in stock,wc_post_id_1414,,"https://www.awakenthenorth.org/wp-content/uploads/2020/10/mockup-71b42cd6.jpg,https://www.awakenthenorth.org/wp-content/uploads/2020/10/mockup-9a7483aa.jpg,https://www.awakenthenorth.org/wp-content/uploads/2020/10/mockup-081fcfda.jpg,https://www.awakenthenorth.org/wp-content/uploads/2020/10/mockup-f64d0913.jpg,https://www.awakenthenorth.org/wp-content/uploads/2020/10/mockup-dc901e99.jpg",1970-01-29T00:00+00:00/1970-01-30T23:59+00:00,49USD,new,published,,,,,,,
5F99ED65D1B87_Dark-Heather-4XL_1444,"Shield Wall Unisex Hoodie","Color: Dark Heather, Size: 4XL",https://www.awakenthenorth.org/wp-content/uploads/2020/10/mockup-b609b71e.jpg,https://www.awakenthenorth.org/product/shield-wall-unisex-hoodie/?attribute_color=Dark+Heather&attribute_size=4XL,"Accessories","Awaken The North",48USD,in stock,wc_post_id_1414,,"https://www.awakenthenorth.org/wp-content/uploads/2020/10/mockup-71b42cd6.jpg,https://www.awakenthenorth.org/wp-content/uploads/2020/10/mockup-9a7483aa.jpg,https://www.awakenthenorth.org/wp-content/uploads/2020/10/mockup-081fcfda.jpg,https://www.awakenthenorth.org/wp-content/uploads/2020/10/mockup-f64d0913.jpg,https://www.awakenthenorth.org/wp-content/uploads/2020/10/mockup-dc901e99.jpg",1970-01-29T00:00+00:00/1970-01-30T23:59+00:00,48USD,new,published,,,,,,,
5F99ED65D1B87_Dark-Heather-3XL_1443,"Shield Wall Unisex Hoodie","Color: Dark Heather, Size: 3XL",https://www.awakenthenorth.org/wp-content/uploads/2020/10/mockup-b609b71e.jpg,https://www.awakenthenorth.org/product/shield-wall-unisex-hoodie/?attribute_color=Dark+Heather&attribute_size=3XL,"Accessories","Awaken The North",47USD,in stock,wc_post_id_1414,,"https://www.awakenthenorth.org/wp-content/uploads/2020/10/mockup-71b42cd6.jpg,https://www.awakenthenorth.org/wp-content/uploads/2020/10/mockup-9a7483aa.jpg,https://www.awakenthenorth.org/wp-content/uploads/2020/10/mockup-081fcfda.jpg,https://www.awakenthenorth.org/wp-content/uploads/2020/10/mockup-f64d0913.jpg,https://www.awakenthenorth.org/wp-content/uploads/2020/10/mockup-dc901e99.jpg",1970-01-29T00:00+00:00/1970-01-30T23:59+00:00,47USD,new,published,,,,,,,
5F99ED65D1B87_Dark-Heather-XL_1441,"Shield Wall Unisex Hoodie","Color: Dark Heather, Size: XL",https://www.awakenthenorth.org/wp-content/uploads/2020/10/mockup-b609b71e.jpg,https://www.awakenthenorth.org/product/shield-wall-unisex-hoodie/?attribute_color=Dark+Heather&attribute_size=XL,"Accessories","Awaken The North",45USD,in stock,wc_post_id_1414,,"https://www.awakenthenorth.org/wp-content/uploads/2020/10/mockup-71b42cd6.jpg,https://www.awakenthenorth.org/wp-content/uploads/2020/10/mockup-9a7483aa.jpg,https://www.awakenthenorth.org/wp-content/uploads/2020/10/mockup-081fcfda.jpg,https://www.awakenthenorth.org/wp-content/uploads/2020/10/mockup-f64d0913.jpg,https://www.awakenthenorth.org/wp-content/uploads/2020/10/mockup-dc901e99.jpg",1970-01-29T00:00+00:00/1970-01-30T23:59+00:00,45USD,new,published,,,,,,,
5F99ED65D1B87_Dark-Heather-2XL_1442,"Shield Wall Unisex Hoodie","Color: Dark Heather, Size: 2XL",https://www.awakenthenorth.org/wp-content/uploads/2020/10/mockup-b609b71e.jpg,https://www.awakenthenorth.org/product/shield-wall-unisex-hoodie/?attribute_color=Dark+Heather&attribute_size=2XL,"Accessories","Awaken The North",46USD,in stock,wc_post_id_1414,,"https://www.awakenthenorth.org/wp-content/uploads/2020/10/mockup-71b42cd6.jpg,https://www.awakenthenorth.org/wp-content/uploads/2020/10/mockup-9a7483aa.jpg,https://www.awakenthenorth.org/wp-content/uploads/2020/10/mockup-081fcfda.jpg,https://www.awakenthenorth.org/wp-content/uploads/2020/10/mockup-f64d0913.jpg,https://www.awakenthenorth.org/wp-content/uploads/2020/10/mockup-dc901e99.jpg",1970-01-29T00:00+00:00/1970-01-30T23:59+00:00,46USD,new,published,,,,,,,
5F99ED65D1B87_Dark-Heather-L_1440,"Shield Wall Unisex Hoodie","Color: Dark Heather, Size: L",https://www.awakenthenorth.org/wp-content/uploads/2020/10/mockup-b609b71e.jpg,https://www.awakenthenorth.org/product/shield-wall-unisex-hoodie/?attribute_color=Dark+Heather&attribute_size=L,"Accessories","Awaken The North",45USD,in stock,wc_post_id_1414,,"https://www.awakenthenorth.org/wp-content/uploads/2020/10/mockup-71b42cd6.jpg,https://www.awakenthenorth.org/wp-content/uploads/2020/10/mockup-9a7483aa.jpg,https://www.awakenthenorth.org/wp-content/uploads/2020/10/mockup-081fcfda.jpg,https://www.awakenthenorth.org/wp-content/uploads/2020/10/mockup-f64d0913.jpg,https://www.awakenthenorth.org/wp-content/uploads/2020/10/mockup-dc901e99.jpg",1970-01-29T00:00+00:00/1970-01-30T23:59+00:00,45USD,new,published,,,,,,,
5F99ED65D1B87_Dark-Heather-M_1439,"Shield Wall Unisex Hoodie","Color: Dark Heather, Size: M",https://www.awakenthenorth.org/wp-content/uploads/2020/10/mockup-b609b71e.jpg,https://www.awakenthenorth.org/product/shield-wall-unisex-hoodie/?attribute_color=Dark+Heather&attribute_size=M,"Accessories","Awaken The North",45USD,in stock,wc_post_id_1414,,"https://www.awakenthenorth.org/wp-content/uploads/2020/10/mockup-71b42cd6.jpg,https://www.awakenthenorth.org/wp-content/uploads/2020/10/mockup-9a7483aa.jpg,https://www.awakenthenorth.org/wp-content/uploads/2020/10/mockup-081fcfda.jpg,https://www.awakenthenorth.org/wp-content/uploads/2020/10/mockup-f64d0913.jpg,https://www.awakenthenorth.org/wp-content/uploads/2020/10/mockup-dc901e99.jpg",1970-01-29T00:00+00:00/1970-01-30T23:59+00:00,45USD,new,published,,,,,,,
5F99ED65D1B87_Maroon-2XL_1437,"Shield Wall Unisex Hoodie","Color: Maroon, Size: 2XL",https://www.awakenthenorth.org/wp-content/uploads/2020/10/mockup-cbbc9694.jpg,https://www.awakenthenorth.org/product/shield-wall-unisex-hoodie/?attribute_color=Maroon&attribute_size=2XL,"Accessories","Awaken The North",46USD,in stock,wc_post_id_1414,,"https://www.awakenthenorth.org/wp-content/uploads/2020/10/mockup-71b42cd6.jpg,https://www.awakenthenorth.org/wp-content/uploads/2020/10/mockup-9a7483aa.jpg,https://www.awakenthenorth.org/wp-content/uploads/2020/10/mockup-081fcfda.jpg,https://www.awakenthenorth.org/wp-content/uploads/2020/10/mockup-f64d0913.jpg,https://www.awakenthenorth.org/wp-content/uploads/2020/10/mockup-dc901e99.jpg",1970-01-29T00:00+00:00/1970-01-30T23:59+00:00,46USD,new,published,,,,,,,
5F99ED65D1B87_Dark-Heather-S_1438,"Shield Wall Unisex Hoodie","Color: Dark Heather, Size: S",https://www.awakenthenorth.org/wp-content/uploads/2020/10/mockup-b609b71e.jpg,https://www.awakenthenorth.org/product/shield-wall-unisex-hoodie/?attribute_color=Dark+Heather&attribute_size=S,"Accessories","Awaken The North",45USD,in stock,wc_post_id_1414,,"https://www.awakenthenorth.org/wp-content/uploads/2020/10/mockup-71b42cd6.jpg,https://www.awakenthenorth.org/wp-content/uploads/2020/10/mockup-9a7483aa.jpg,https://www.awakenthenorth.org/wp-content/uploads/2020/10/mockup-081fcfda.jpg,https://www.awakenthenorth.org/wp-content/uploads/2020/10/mockup-f64d0913.jpg,https://www.awakenthenorth.org/wp-content/uploads/2020/10/mockup-dc901e99.jpg",1970-01-29T00:00+00:00/1970-01-30T23:59+00:00,45USD,new,published,,,,,,,
5F99ED65D1B87_Maroon-XL_1436,"Shield Wall Unisex Hoodie","Color: Maroon, Size: XL",https://www.awakenthenorth.org/wp-content/uploads/2020/10/mockup-cbbc9694.jpg,https://www.awakenthenorth.org/product/shield-wall-unisex-hoodie/?attribute_color=Maroon&attribute_size=XL,"Accessories","Awaken The North",45USD,in stock,wc_post_id_1414,,"https://www.awakenthenorth.org/wp-content/uploads/2020/10/mockup-71b42cd6.jpg,https://www.awakenthenorth.org/wp-content/uploads/2020/10/mockup-9a7483aa.jpg,https://www.awakenthenorth.org/wp-content/uploads/2020/10/mockup-081fcfda.jpg,https://www.awakenthenorth.org/wp-content/uploads/2020/10/mockup-f64d0913.jpg,https://www.awakenthenorth.org/wp-content/uploads/2020/10/mockup-dc901e99.jpg",1970-01-29T00:00+00:00/1970-01-30T23:59+00:00,45USD,new,published,,,,,,,
5F99ED65D1B87_Maroon-L_1435,"Shield Wall Unisex Hoodie","Color: Maroon, Size: L",https://www.awakenthenorth.org/wp-content/uploads/2020/10/mockup-cbbc9694.jpg,https://www.awakenthenorth.org/product/shield-wall-unisex-hoodie/?attribute_color=Maroon&attribute_size=L,"Accessories","Awaken The North",45USD,in stock,wc_post_id_1414,,"https://www.awakenthenorth.org/wp-content/uploads/2020/10/mockup-71b42cd6.jpg,https://www.awakenthenorth.org/wp-content/uploads/2020/10/mockup-9a7483aa.jpg,https://www.awakenthenorth.org/wp-content/uploads/2020/10/mockup-081fcfda.jpg,https://www.awakenthenorth.org/wp-content/uploads/2020/10/mockup-f64d0913.jpg,https://www.awakenthenorth.org/wp-content/uploads/2020/10/mockup-dc901e99.jpg",1970-01-29T00:00+00:00/1970-01-30T23:59+00:00,45USD,new,published,,,,,,,
5F99ED65D1B87_Maroon-M_1434,"Shield Wall Unisex Hoodie","Color: Maroon, Size: M",https://www.awakenthenorth.org/wp-content/uploads/2020/10/mockup-cbbc9694.jpg,https://www.awakenthenorth.org/product/shield-wall-unisex-hoodie/?attribute_color=Maroon&attribute_size=M,"Accessories","Awaken The North",45USD,in stock,wc_post_id_1414,,"https://www.awakenthenorth.org/wp-content/uploads/2020/10/mockup-71b42cd6.jpg,https://www.awakenthenorth.org/wp-content/uploads/2020/10/mockup-9a7483aa.jpg,https://www.awakenthenorth.org/wp-content/uploads/2020/10/mockup-081fcfda.jpg,https://www.awakenthenorth.org/wp-content/uploads/2020/10/mockup-f64d0913.jpg,https://www.awakenthenorth.org/wp-content/uploads/2020/10/mockup-dc901e99.jpg",1970-01-29T00:00+00:00/1970-01-30T23:59+00:00,45USD,new,published,,,,,,,
5F99ED65D1B87_Maroon-S_1433,"Shield Wall Unisex Hoodie","Color: Maroon, Size: S",https://www.awakenthenorth.org/wp-content/uploads/2020/10/mockup-cbbc9694.jpg,https://www.awakenthenorth.org/product/shield-wall-unisex-hoodie/?attribute_color=Maroon&attribute_size=S,"Accessories","Awaken The North",45USD,in stock,wc_post_id_1414,,"https://www.awakenthenorth.org/wp-content/uploads/2020/10/mockup-71b42cd6.jpg,https://www.awakenthenorth.org/wp-content/uploads/2020/10/mockup-9a7483aa.jpg,https://www.awakenthenorth.org/wp-content/uploads/2020/10/mockup-081fcfda.jpg,https://www.awakenthenorth.org/wp-content/uploads/2020/10/mockup-f64d0913.jpg,https://www.awakenthenorth.org/wp-content/uploads/2020/10/mockup-dc901e99.jpg",1970-01-29T00:00+00:00/1970-01-30T23:59+00:00,45USD,new,published,,,,,,,
5F99ED65D1B87_Navy-4XL_1431,"Shield Wall Unisex Hoodie","Color: Navy, Size: 4XL",https://www.awakenthenorth.org/wp-content/uploads/2020/10/mockup-f64d0913.jpg,https://www.awakenthenorth.org/product/shield-wall-unisex-hoodie/?attribute_color=Navy&attribute_size=4XL,"Accessories","Awaken The North",48USD,in stock,wc_post_id_1414,,"https://www.awakenthenorth.org/wp-content/uploads/2020/10/mockup-71b42cd6.jpg,https://www.awakenthenorth.org/wp-content/uploads/2020/10/mockup-9a7483aa.jpg,https://www.awakenthenorth.org/wp-content/uploads/2020/10/mockup-081fcfda.jpg,https://www.awakenthenorth.org/wp-content/uploads/2020/10/mockup-f64d0913.jpg,https://www.awakenthenorth.org/wp-content/uploads/2020/10/mockup-dc901e99.jpg",1970-01-29T00:00+00:00/1970-01-30T23:59+00:00,48USD,new,published,,,,,,,
5F99ED65D1B87_Navy-5XL_1432,"Shield Wall Unisex Hoodie","Color: Navy, Size: 5XL",https://www.awakenthenorth.org/wp-content/uploads/2020/10/mockup-f64d0913.jpg,https://www.awakenthenorth.org/product/shield-wall-unisex-hoodie/?attribute_color=Navy&attribute_size=5XL,"Accessories","Awaken The North",49USD,in stock,wc_post_id_1414,,"https://www.awakenthenorth.org/wp-content/uploads/2020/10/mockup-71b42cd6.jpg,https://www.awakenthenorth.org/wp-content/uploads/2020/10/mockup-9a7483aa.jpg,https://www.awakenthenorth.org/wp-content/uploads/2020/10/mockup-081fcfda.jpg,https://www.awakenthenorth.org/wp-content/uploads/2020/10/mockup-f64d0913.jpg,https://www.awakenthenorth.org/wp-content/uploads/2020/10/mockup-dc901e99.jpg",1970-01-29T00:00+00:00/1970-01-30T23:59+00:00,49USD,new,published,,,,,,,
5F99ED65D1B87_Navy-2XL_1429,"Shield Wall Unisex Hoodie","Color: Navy, Size: 2XL",https://www.awakenthenorth.org/wp-content/uploads/2020/10/mockup-f64d0913.jpg,https://www.awakenthenorth.org/product/shield-wall-unisex-hoodie/?attribute_color=Navy&attribute_size=2XL,"Accessories","Awaken The North",46USD,in stock,wc_post_id_1414,,"https://www.awakenthenorth.org/wp-content/uploads/2020/10/mockup-71b42cd6.jpg,https://www.awakenthenorth.org/wp-content/uploads/2020/10/mockup-9a7483aa.jpg,https://www.awakenthenorth.org/wp-content/uploads/2020/10/mockup-081fcfda.jpg,https://www.awakenthenorth.org/wp-content/uploads/2020/10/mockup-f64d0913.jpg,https://www.awakenthenorth.org/wp-content/uploads/2020/10/mockup-dc901e99.jpg",1970-01-29T00:00+00:00/1970-01-30T23:59+00:00,46USD,new,published,,,,,,,
5F99ED65D1B87_Navy-3XL_1430,"Shield Wall Unisex Hoodie","Color: Navy, Size: 3XL",https://www.awakenthenorth.org/wp-content/uploads/2020/10/mockup-f64d0913.jpg,https://www.awakenthenorth.org/product/shield-wall-unisex-hoodie/?attribute_color=Navy&attribute_size=3XL,"Accessories","Awaken The North",47USD,in stock,wc_post_id_1414,,"https://www.awakenthenorth.org/wp-content/uploads/2020/10/mockup-71b42cd6.jpg,https://www.awakenthenorth.org/wp-content/uploads/2020/10/mockup-9a7483aa.jpg,https://www.awakenthenorth.org/wp-content/uploads/2020/10/mockup-081fcfda.jpg,https://www.awakenthenorth.org/wp-content/uploads/2020/10/mockup-f64d0913.jpg,https://www.awakenthenorth.org/wp-content/uploads/2020/10/mockup-dc901e99.jpg",1970-01-29T00:00+00:00/1970-01-30T23:59+00:00,47USD,new,published,,,,,,,
5F99ED65D1B87_Navy-L_1427,"Shield Wall Unisex Hoodie","Color: Navy, Size: L",https://www.awakenthenorth.org/wp-content/uploads/2020/10/mockup-f64d0913.jpg,https://www.awakenthenorth.org/product/shield-wall-unisex-hoodie/?attribute_color=Navy&attribute_size=L,"Accessories","Awaken The North",45USD,in stock,wc_post_id_1414,,"https://www.awakenthenorth.org/wp-content/uploads/2020/10/mockup-71b42cd6.jpg,https://www.awakenthenorth.org/wp-content/uploads/2020/10/mockup-9a7483aa.jpg,https://www.awakenthenorth.org/wp-content/uploads/2020/10/mockup-081fcfda.jpg,https://www.awakenthenorth.org/wp-content/uploads/2020/10/mockup-f64d0913.jpg,https://www.awakenthenorth.org/wp-content/uploads/2020/10/mockup-dc901e99.jpg",1970-01-29T00:00+00:00/1970-01-30T23:59+00:00,45USD,new,published,,,,,,,
5F99ED65D1B87_Navy-XL_1428,"Shield Wall Unisex Hoodie","Color: Navy, Size: XL",https://www.awakenthenorth.org/wp-content/uploads/2020/10/mockup-f64d0913.jpg,https://www.awakenthenorth.org/product/shield-wall-unisex-hoodie/?attribute_color=Navy&attribute_size=XL,"Accessories","Awaken The North",45USD,in stock,wc_post_id_1414,,"https://www.awakenthenorth.org/wp-content/uploads/2020/10/mockup-71b42cd6.jpg,https://www.awakenthenorth.org/wp-content/uploads/2020/10/mockup-9a7483aa.jpg,https://www.awakenthenorth.org/wp-content/uploads/2020/10/mockup-081fcfda.jpg,https://www.awakenthenorth.org/wp-content/uploads/2020/10/mockup-f64d0913.jpg,https://www.awakenthenorth.org/wp-content/uploads/2020/10/mockup-dc901e99.jpg",1970-01-29T00:00+00:00/1970-01-30T23:59+00:00,45USD,new,published,,,,,,,
5F99ED65D1B87_Navy-M_1426,"Shield Wall Unisex Hoodie","Color: Navy, Size: M",https://www.awakenthenorth.org/wp-content/uploads/2020/10/mockup-f64d0913.jpg,https://www.awakenthenorth.org/product/shield-wall-unisex-hoodie/?attribute_color=Navy&attribute_size=M,"Accessories","Awaken The North",45USD,in stock,wc_post_id_1414,,"https://www.awakenthenorth.org/wp-content/uploads/2020/10/mockup-71b42cd6.jpg,https://www.awakenthenorth.org/wp-content/uploads/2020/10/mockup-9a7483aa.jpg,https://www.awakenthenorth.org/wp-content/uploads/2020/10/mockup-081fcfda.jpg,https://www.awakenthenorth.org/wp-content/uploads/2020/10/mockup-f64d0913.jpg,https://www.awakenthenorth.org/wp-content/uploads/2020/10/mockup-dc901e99.jpg",1970-01-29T00:00+00:00/1970-01-30T23:59+00:00,45USD,new,published,,,,,,,
5F99ED65D1B87_Navy-S_1425,"Shield Wall Unisex Hoodie","Color: Navy, Size: S",https://www.awakenthenorth.org/wp-content/uploads/2020/10/mockup-f64d0913.jpg,https://www.awakenthenorth.org/product/shield-wall-unisex-hoodie/?attribute_color=Navy&attribute_size=S,"Accessories","Awaken The North",45USD,in stock,wc_post_id_1414,,"https://www.awakenthenorth.org/wp-content/uploads/2020/10/mockup-71b42cd6.jpg,https://www.awakenthenorth.org/wp-content/uploads/2020/10/mockup-9a7483aa.jpg,https://www.awakenthenorth.org/wp-content/uploads/2020/10/mockup-081fcfda.jpg,https://www.awakenthenorth.org/wp-content/uploads/2020/10/mockup-f64d0913.jpg,https://www.awakenthenorth.org/wp-content/uploads/2020/10/mockup-dc901e99.jpg",1970-01-29T00:00+00:00/1970-01-30T23:59+00:00,45USD,new,published,,,,,,,
5F99ED65D1B87_Black-4XL_1423,"Shield Wall Unisex Hoodie","Color: Black, Size: 4XL",https://www.awakenthenorth.org/wp-content/uploads/2020/10/mockup-71b42cd6.jpg,https://www.awakenthenorth.org/product/shield-wall-unisex-hoodie/?attribute_color=Black&attribute_size=4XL,"Accessories","Awaken The North",48USD,in stock,wc_post_id_1414,,"https://www.awakenthenorth.org/wp-content/uploads/2020/10/mockup-9a7483aa.jpg,https://www.awakenthenorth.org/wp-content/uploads/2020/10/mockup-081fcfda.jpg,https://www.awakenthenorth.org/wp-content/uploads/2020/10/mockup-f64d0913.jpg,https://www.awakenthenorth.org/wp-content/uploads/2020/10/mockup-dc901e99.jpg,https://www.awakenthenorth.org/wp-content/uploads/2020/10/mockup-461444c5.jpg",1970-01-29T00:00+00:00/1970-01-30T23:59+00:00,48USD,new,published,,,,,,,
5F99ED65D1B87_Black-5XL_1424,"Shield Wall Unisex Hoodie","Color: Black, Size: 5XL",https://www.awakenthenorth.org/wp-content/uploads/2020/10/mockup-71b42cd6.jpg,https://www.awakenthenorth.org/product/shield-wall-unisex-hoodie/?attribute_color=Black&attribute_size=5XL,"Accessories","Awaken The North",49USD,in stock,wc_post_id_1414,,"https://www.awakenthenorth.org/wp-content/uploads/2020/10/mockup-9a7483aa.jpg,https://www.awakenthenorth.org/wp-content/uploads/2020/10/mockup-081fcfda.jpg,https://www.awakenthenorth.org/wp-content/uploads/2020/10/mockup-f64d0913.jpg,https://www.awakenthenorth.org/wp-content/uploads/2020/10/mockup-dc901e99.jpg,https://www.awakenthenorth.org/wp-content/uploads/2020/10/mockup-461444c5.jpg",1970-01-29T00:00+00:00/1970-01-30T23:59+00:00,49USD,new,published,,,,,,,
5F99ED65D1B87_Black-3XL_1422,"Shield Wall Unisex Hoodie","Color: Black, Size: 3XL",https://www.awakenthenorth.org/wp-content/uploads/2020/10/mockup-71b42cd6.jpg,https://www.awakenthenorth.org/product/shield-wall-unisex-hoodie/?attribute_color=Black&attribute_size=3XL,"Accessories","Awaken The North",47USD,in stock,wc_post_id_1414,,"https://www.awakenthenorth.org/wp-content/uploads/2020/10/mockup-9a7483aa.jpg,https://www.awakenthenorth.org/wp-content/uploads/2020/10/mockup-081fcfda.jpg,https://www.awakenthenorth.org/wp-content/uploads/2020/10/mockup-f64d0913.jpg,https://www.awakenthenorth.org/wp-content/uploads/2020/10/mockup-dc901e99.jpg,https://www.awakenthenorth.org/wp-content/uploads/2020/10/mockup-461444c5.jpg",1970-01-29T00:00+00:00/1970-01-30T23:59+00:00,47USD,new,published,,,,,,,
5F99ED65D1B87_Black-XL_1420,"Shield Wall Unisex Hoodie","Color: Black, Size: XL",https://www.awakenthenorth.org/wp-content/uploads/2020/10/mockup-71b42cd6.jpg,https://www.awakenthenorth.org/product/shield-wall-unisex-hoodie/?attribute_color=Black&attribute_size=XL,"Accessories","Awaken The North",45USD,in stock,wc_post_id_1414,,"https://www.awakenthenorth.org/wp-content/uploads/2020/10/mockup-9a7483aa.jpg,https://www.awakenthenorth.org/wp-content/uploads/2020/10/mockup-081fcfda.jpg,https://www.awakenthenorth.org/wp-content/uploads/2020/10/mockup-f64d0913.jpg,https://www.awakenthenorth.org/wp-content/uploads/2020/10/mockup-dc901e99.jpg,https://www.awakenthenorth.org/wp-content/uploads/2020/10/mockup-461444c5.jpg",1970-01-29T00:00+00:00/1970-01-30T23:59+00:00,45USD,new,published,,,,,,,
5F99ED65D1B87_Black-2XL_1421,"Shield Wall Unisex Hoodie","Color: Black, Size: 2XL",https://www.awakenthenorth.org/wp-content/uploads/2020/10/mockup-71b42cd6.jpg,https://www.awakenthenorth.org/product/shield-wall-unisex-hoodie/?attribute_color=Black&attribute_size=2XL,"Accessories","Awaken The North",46USD,in stock,wc_post_id_1414,,"https://www.awakenthenorth.org/wp-content/uploads/2020/10/mockup-9a7483aa.jpg,https://www.awakenthenorth.org/wp-content/uploads/2020/10/mockup-081fcfda.jpg,https://www.awakenthenorth.org/wp-content/uploads/2020/10/mockup-f64d0913.jpg,https://www.awakenthenorth.org/wp-content/uploads/2020/10/mockup-dc901e99.jpg,https://www.awakenthenorth.org/wp-content/uploads/2020/10/mockup-461444c5.jpg",1970-01-29T00:00+00:00/1970-01-30T23:59+00:00,46USD,new,published,,,,,,,
5F99ED65D1B87_Black-M_1418,"Shield Wall Unisex Hoodie","Color: Black, Size: M",https://www.awakenthenorth.org/wp-content/uploads/2020/10/mockup-71b42cd6.jpg,https://www.awakenthenorth.org/product/shield-wall-unisex-hoodie/?attribute_color=Black&attribute_size=M,"Accessories","Awaken The North",45USD,in stock,wc_post_id_1414,,"https://www.awakenthenorth.org/wp-content/uploads/2020/10/mockup-9a7483aa.jpg,https://www.awakenthenorth.org/wp-content/uploads/2020/10/mockup-081fcfda.jpg,https://www.awakenthenorth.org/wp-content/uploads/2020/10/mockup-f64d0913.jpg,https://www.awakenthenorth.org/wp-content/uploads/2020/10/mockup-dc901e99.jpg,https://www.awakenthenorth.org/wp-content/uploads/2020/10/mockup-461444c5.jpg",1970-01-29T00:00+00:00/1970-01-30T23:59+00:00,45USD,new,published,,,,,,,
5F99ED65D1B87_Black-L_1419,"Shield Wall Unisex Hoodie","Color: Black, Size: L",https://www.awakenthenorth.org/wp-content/uploads/2020/10/mockup-71b42cd6.jpg,https://www.awakenthenorth.org/product/shield-wall-unisex-hoodie/?attribute_color=Black&attribute_size=L,"Accessories","Awaken The North",45USD,in stock,wc_post_id_1414,,"https://www.awakenthenorth.org/wp-content/uploads/2020/10/mockup-9a7483aa.jpg,https://www.awakenthenorth.org/wp-content/uploads/2020/10/mockup-081fcfda.jpg,https://www.awakenthenorth.org/wp-content/uploads/2020/10/mockup-f64d0913.jpg,https://www.awakenthenorth.org/wp-content/uploads/2020/10/mockup-dc901e99.jpg,https://www.awakenthenorth.org/wp-content/uploads/2020/10/mockup-461444c5.jpg",1970-01-29T00:00+00:00/1970-01-30T23:59+00:00,45USD,new,published,,,,,,,
5F99ED65D1B87_Black-S_1417,"Shield Wall Unisex Hoodie","Color: Black, Size: S",https://www.awakenthenorth.org/wp-content/uploads/2020/10/mockup-71b42cd6.jpg,https://www.awakenthenorth.org/product/shield-wall-unisex-hoodie/?attribute_color=Black&attribute_size=S,"Accessories","Awaken The North",45USD,in stock,wc_post_id_1414,,"https://www.awakenthenorth.org/wp-content/uploads/2020/10/mockup-9a7483aa.jpg,https://www.awakenthenorth.org/wp-content/uploads/2020/10/mockup-081fcfda.jpg,https://www.awakenthenorth.org/wp-content/uploads/2020/10/mockup-f64d0913.jpg,https://www.awakenthenorth.org/wp-content/uploads/2020/10/mockup-dc901e99.jpg,https://www.awakenthenorth.org/wp-content/uploads/2020/10/mockup-461444c5.jpg",1970-01-29T00:00+00:00/1970-01-30T23:59+00:00,45USD,new,published,,,,,,default,
5F99EC824684A_Navy-2XL_1411,"Shield Wall Men's heavyweight tee","Color: Navy, Size: 2XL",https://www.awakenthenorth.org/wp-content/uploads/2020/10/mockup-96ab68a8.jpg,https://www.awakenthenorth.org/product/shield-wall-mens-heavyweight-tee/?attribute_color=Navy&attribute_size=2XL,"Clothing","Awaken The North",32USD,in stock,wc_post_id_1399,,"https://www.awakenthenorth.org/wp-content/uploads/2020/10/mockup-a0921ba1.jpg,https://www.awakenthenorth.org/wp-content/uploads/2020/10/mockup-96ab68a8.jpg",1970-01-29T00:00+00:00/1970-01-30T23:59+00:00,32USD,new,published,,,,,,,
5F99EC824684A_Navy-S_1407,"Shield Wall Men's heavyweight tee","Color: Navy, Size: S",https://www.awakenthenorth.org/wp-content/uploads/2020/10/mockup-96ab68a8.jpg,https://www.awakenthenorth.org/product/shield-wall-mens-heavyweight-tee/?attribute_color=Navy&attribute_size=S,"Clothing","Awaken The North",29USD,in stock,wc_post_id_1399,,"https://www.awakenthenorth.org/wp-content/uploads/2020/10/mockup-a0921ba1.jpg,https://www.awakenthenorth.org/wp-content/uploads/2020/10/mockup-96ab68a8.jpg",1970-01-29T00:00+00:00/1970-01-30T23:59+00:00,29USD,new,published,,,,,,,
5F99EC824684A_Navy-M_1408,"Shield Wall Men's heavyweight tee","Color: Navy, Size: M",https://www.awakenthenorth.org/wp-content/uploads/2020/10/mockup-96ab68a8.jpg,https://www.awakenthenorth.org/product/shield-wall-mens-heavyweight-tee/?attribute_color=Navy&attribute_size=M,"Clothing","Awaken The North",29USD,in stock,wc_post_id_1399,,"https://www.awakenthenorth.org/wp-content/uploads/2020/10/mockup-a0921ba1.jpg,https://www.awakenthenorth.org/wp-content/uploads/2020/10/mockup-96ab68a8.jpg",1970-01-29T00:00+00:00/1970-01-30T23:59+00:00,29USD,new,published,,,,,,,
5F99EC824684A_Navy-L_1409,"Shield Wall Men's heavyweight tee","Color: Navy, Size: L",https://www.awakenthenorth.org/wp-content/uploads/2020/10/mockup-96ab68a8.jpg,https://www.awakenthenorth.org/product/shield-wall-mens-heavyweight-tee/?attribute_color=Navy&attribute_size=L,"Clothing","Awaken The North",29USD,in stock,wc_post_id_1399,,"https://www.awakenthenorth.org/wp-content/uploads/2020/10/mockup-a0921ba1.jpg,https://www.awakenthenorth.org/wp-content/uploads/2020/10/mockup-96ab68a8.jpg",1970-01-29T00:00+00:00/1970-01-30T23:59+00:00,29USD,new,published,,,,,,,
5F99EC824684A_Navy-XL_1410,"Shield Wall Men's heavyweight tee","Color: Navy, Size: XL",https://www.awakenthenorth.org/wp-content/uploads/2020/10/mockup-96ab68a8.jpg,https://www.awakenthenorth.org/product/shield-wall-mens-heavyweight-tee/?attribute_color=Navy&attribute_size=XL,"Clothing","Awaken The North",29USD,in stock,wc_post_id_1399,,"https://www.awakenthenorth.org/wp-content/uploads/2020/10/mockup-a0921ba1.jpg,https://www.awakenthenorth.org/wp-content/uploads/2020/10/mockup-96ab68a8.jpg",1970-01-29T00:00+00:00/1970-01-30T23:59+00:00,29USD,new,published,,,,,,,
5F99EC824684A_Black-2XL_1406,"Shield Wall Men's heavyweight tee","Color: Black, Size: 2XL",https://www.awakenthenorth.org/wp-content/uploads/2020/10/mockup-a0921ba1.jpg,https://www.awakenthenorth.org/product/shield-wall-mens-heavyweight-tee/?attribute_color=Black&attribute_size=2XL,"Clothing","Awaken The North",32USD,in stock,wc_post_id_1399,,"https://www.awakenthenorth.org/wp-content/uploads/2020/10/mockup-96ab68a8.jpg",1970-01-29T00:00+00:00/1970-01-30T23:59+00:00,32USD,new,published,,,,,,,
5F99EC824684A_Black-M_1403,"Shield Wall Men's heavyweight tee","Color: Black, Size: M",https://www.awakenthenorth.org/wp-content/uploads/2020/10/mockup-a0921ba1.jpg,https://www.awakenthenorth.org/product/shield-wall-mens-heavyweight-tee/?attribute_color=Black&attribute_size=M,"Clothing","Awaken The North",29USD,in stock,wc_post_id_1399,,"https://www.awakenthenorth.org/wp-content/uploads/2020/10/mockup-96ab68a8.jpg",1970-01-29T00:00+00:00/1970-01-30T23:59+00:00,29USD,new,published,,,,,,,
5F99EC824684A_Black-L_1404,"Shield Wall Men's heavyweight tee","Color: Black, Size: L",https://www.awakenthenorth.org/wp-content/uploads/2020/10/mockup-a0921ba1.jpg,https://www.awakenthenorth.org/product/shield-wall-mens-heavyweight-tee/?attribute_color=Black&attribute_size=L,"Clothing","Awaken The North",29USD,in stock,wc_post_id_1399,,"https://www.awakenthenorth.org/wp-content/uploads/2020/10/mockup-96ab68a8.jpg",1970-01-29T00:00+00:00/1970-01-30T23:59+00:00,29USD,new,published,,,,,,,
5F99EC824684A_Black-XL_1405,"Shield Wall Men's heavyweight tee","Color: Black, Size: XL",https://www.awakenthenorth.org/wp-content/uploads/2020/10/mockup-a0921ba1.jpg,https://www.awakenthenorth.org/product/shield-wall-mens-heavyweight-tee/?attribute_color=Black&attribute_size=XL,"Clothing","Awaken The North",29USD,in stock,wc_post_id_1399,,"https://www.awakenthenorth.org/wp-content/uploads/2020/10/mockup-96ab68a8.jpg",1970-01-29T00:00+00:00/1970-01-30T23:59+00:00,29USD,new,published,,,,,,,
5F99EC824684A_Black-S_1402,"Shield Wall Men's heavyweight tee","Color: Black, Size: S",https://www.awakenthenorth.org/wp-content/uploads/2020/10/mockup-a0921ba1.jpg,https://www.awakenthenorth.org/product/shield-wall-mens-heavyweight-tee/?attribute_color=Black&attribute_size=S,"Clothing","Awaken The North",29USD,in stock,wc_post_id_1399,,"https://www.awakenthenorth.org/wp-content/uploads/2020/10/mockup-96ab68a8.jpg",1970-01-29T00:00+00:00/1970-01-30T23:59+00:00,29USD,new,published,,,,,,default,
wc_post_id_1341,"Awaken the North Patch","Show your AtN Pride with this 2.5' iron on patch!",https://www.awakenthenorth.org/wp-content/uploads/2020/10/Patch-1-1.jpg,https://www.awakenthenorth.org/product/awaken-the-north-patch/,"All Items, Accessories, Clothing, Misc.","Awaken The North",5USD,in stock,wc_post_id_1341,,"https://www.awakenthenorth.org/wp-content/uploads/2020/10/Patch-1.jpg",1970-01-29T00:00+00:00/1970-01-30T23:59+00:00,5USD,new,published,,,,,,,
wc_post_id_1327,"Awaken the North's Pocket Havamal","Each copy of the Hávamál purchased here will fund a free copy to be sent to an active duty military personnel! Please allow up to three weeks for delivery, as these are ordered in bundles from the printer. 
 
The Hávamál, or ‘Words of Hávi [the High One]’, is presented as a single poem in the Codex Regius, a collection of Old Norse poems from the Viking age. The poem, itself a combination of numerous shorter poems, is largely gnomic, presenting advice for living, proper conduct, and wisdom. It is one of our most important sources on Old Norse philosophy. 
 
The stanzas of the Hávamál are attributed to Odin; the chief God of the Æesir.  For the most part composed in the metre ljóðaháttr, a metre associated with wisdom verse, The Hávamál is both practical and philosophical in its content. Following the gnomic 'Hávamál proper' comes the Rúnatal, an account of how Odin won the runes, and the Ljóðatal, a list of magic chants or spells.  
 
This book is by NO MEANS meant to be a 'direct translation' of the Hávamál, but rather an 'every day English for the working class' version. I've tried to sum up the translations of several others, to put the stanzas into language we can all understand, without the 'thee's' and 'thou's', and twisted around sentence structures.",https://www.awakenthenorth.org/wp-content/uploads/2020/10/Cover-finish.png,https://www.awakenthenorth.org/product/pocket-havamal/,"All Items, Books, Misc.","Awaken The North",6.5USD,in stock,wc_post_id_1327,,"https://www.awakenthenorth.org/wp-content/uploads/2020/10/AtNs-Havamal-Front.jpg,https://www.awakenthenorth.org/wp-content/uploads/2020/10/Inside-2.jpg,https://www.awakenthenorth.org/wp-content/uploads/2020/10/Inside-1.jpg,https://www.awakenthenorth.org/wp-content/uploads/2020/10/Inside-notes.jpg",1970-01-29T00:00+00:00/1970-01-30T23:59+00:00,6.5USD,new,published,,,,,,,
wc_post_id_1317,"Official AtN Shot Glass","Enjoy your favourite hard beverage from the Official Awaken the North shot! 
 
*Each item is custom made to order. Please allow 1-2 weeks for shipping.",https://www.awakenthenorth.org/wp-content/uploads/2020/09/Shot-1.jpg,https://www.awakenthenorth.org/product/official-atn-shot-glass/,"All Items, Etched Glass","Awaken The North",9USD,in stock,wc_post_id_1317,,,1970-01-29T00:00+00:00/1970-01-30T23:59+00:00,9USD,new,published,,,,,,,
wc_post_id_1167,"Regnbue Ætt Face Mask","Premium Material: this mask is made from high quality cotton, making it soft and comfortable for your face, and provides for effortless breathing, and it won't induce discomfort. 
Great gift: This can be a good choice as gift for your family and friends! 
Wide applications: Suitable for cycling, camping, running, travel, climbing and daily use. 
Anti-Dust: Be protected from dust, small particles on air, pollen and much more. Anti-dust, anti-odor; washable and reusable. 
 
*Each item is custom made to order. Please allow 1-2 weeks for shipping.",https://www.awakenthenorth.org/wp-content/uploads/2020/09/regnbue-aett-mask.png,https://www.awakenthenorth.org/product/regnbue-aett-face-mask/,"All Items, Face Masks","Awaken The North",15USD,in stock,wc_post_id_1167,,,1970-01-29T00:00+00:00/1970-01-30T23:59+00:00,15USD,new,published,,,,,,,
wc_post_id_1057,"Awaken the North Buttons","Awaken the North Buttons: AtN Logo",https://www.awakenthenorth.org/wp-content/uploads/2020/09/AtN-Button.jpg,https://www.awakenthenorth.org/product/awaken-the-north-buttons/?attribute_awaken-the-north-buttons=AtN+Logo,"All Items, Accessories, Misc.","Awaken The North",3USD,in stock,wc_post_id_1049,,"https://www.awakenthenorth.org/wp-content/uploads/2020/09/Regnbue-Aett-Button.jpg,https://www.awakenthenorth.org/wp-content/uploads/2020/09/Sheild-maidens-Button.jpg,https://www.awakenthenorth.org/wp-content/uploads/2020/09/Sheild-Wall-Button.jpg",1970-01-29T00:00+00:00/1970-01-30T23:59+00:00,3USD,new,published,,,,,,default,"awaken-the-north-buttons:AtN Logo/Shield Wall/Shield Maidens/Regnbue Aett:AtN Logo"
wc_post_id_1056,"Awaken the North Buttons","Awaken the North Buttons: Shield Wall",https://www.awakenthenorth.org/wp-content/uploads/2020/09/Sheild-Wall-Button.jpg,https://www.awakenthenorth.org/product/awaken-the-north-buttons/?attribute_awaken-the-north-buttons=Shield+Wall,"All Items, Accessories, Misc.","Awaken The North",3USD,in stock,wc_post_id_1049,,"https://www.awakenthenorth.org/wp-content/uploads/2020/09/AtN-Button.jpg,https://www.awakenthenorth.org/wp-content/uploads/2020/09/Regnbue-Aett-Button.jpg,https://www.awakenthenorth.org/wp-content/uploads/2020/09/Sheild-maidens-Button.jpg,https://www.awakenthenorth.org/wp-content/uploads/2020/09/Sheild-Wall-Button.jpg",1970-01-29T00:00+00:00/1970-01-30T23:59+00:00,3USD,new,published,,,,,,,"awaken-the-north-buttons:AtN Logo/Shield Wall/Shield Maidens/Regnbue Aett:Shield Wall"
wc_post_id_1055,"Awaken the North Buttons","Awaken the North Buttons: Shield Maidens",https://www.awakenthenorth.org/wp-content/uploads/2020/09/Sheild-maidens-Button.jpg,https://www.awakenthenorth.org/product/awaken-the-north-buttons/?attribute_awaken-the-north-buttons=Shield+Maidens,"All Items, Accessories, Misc.","Awaken The North",3USD,in stock,wc_post_id_1049,,"https://www.awakenthenorth.org/wp-content/uploads/2020/09/AtN-Button.jpg,https://www.awakenthenorth.org/wp-content/uploads/2020/09/Regnbue-Aett-Button.jpg,https://www.awakenthenorth.org/wp-content/uploads/2020/09/Sheild-maidens-Button.jpg,https://www.awakenthenorth.org/wp-content/uploads/2020/09/Sheild-Wall-Button.jpg",1970-01-29T00:00+00:00/1970-01-30T23:59+00:00,3USD,new,published,,,,,,,"awaken-the-north-buttons:AtN Logo/Shield Wall/Shield Maidens/Regnbue Aett:Shield Maidens"
wc_post_id_1054,"Awaken the North Buttons","Awaken the North Buttons: Regnbue Aett",https://www.awakenthenorth.org/wp-content/uploads/2020/09/Regnbue-Aett-Button.jpg,https://www.awakenthenorth.org/product/awaken-the-north-buttons/?attribute_awaken-the-north-buttons=Regnbue+Aett,"All Items, Accessories, Misc.","Awaken The North",3USD,in stock,wc_post_id_1049,,"https://www.awakenthenorth.org/wp-content/uploads/2020/09/AtN-Button.jpg,https://www.awakenthenorth.org/wp-content/uploads/2020/09/Regnbue-Aett-Button.jpg,https://www.awakenthenorth.org/wp-content/uploads/2020/09/Sheild-maidens-Button.jpg,https://www.awakenthenorth.org/wp-content/uploads/2020/09/Sheild-Wall-Button.jpg",1970-01-29T00:00+00:00/1970-01-30T23:59+00:00,3USD,new,published,,,,,,,"awaken-the-north-buttons:AtN Logo/Shield Wall/Shield Maidens/Regnbue Aett:Regnbue Aett"
wc_post_id_1015,"Official Awaken the North 'Regnbue Ætt' (Rainbow Clan) T-Shirt","Size: 4X-Large",https://www.awakenthenorth.org/wp-content/uploads/2020/09/AtN-Regnbue-Aett-front.png,https://www.awakenthenorth.org/product/official-awaken-the-north-regnbue-aett-rainbow-clan-t-shirt/?attribute_size=4X-Large,"All Items, Clothing","Awaken The North",21USD,in stock,wc_post_id_1007,,"https://www.awakenthenorth.org/wp-content/uploads/2020/09/AtN-Regnbue-Aett-back.png",1970-01-29T00:00+00:00/1970-01-30T23:59+00:00,21USD,new,published,,,,,,,
wc_post_id_1012,"Official Awaken the North 'Regnbue Ætt' (Rainbow Clan) T-Shirt","Size: X-Large",https://www.awakenthenorth.org/wp-content/uploads/2020/09/AtN-Regnbue-Aett-front.png,https://www.awakenthenorth.org/product/official-awaken-the-north-regnbue-aett-rainbow-clan-t-shirt/?attribute_size=X-Large,"All Items, Clothing","Awaken The North",18USD,in stock,wc_post_id_1007,,"https://www.awakenthenorth.org/wp-content/uploads/2020/09/AtN-Regnbue-Aett-back.png",1970-01-29T00:00+00:00/1970-01-30T23:59+00:00,18USD,new,published,,,,,,,
wc_post_id_1013,"Official Awaken the North 'Regnbue Ætt' (Rainbow Clan) T-Shirt","Size: 2X-Large",https://www.awakenthenorth.org/wp-content/uploads/2020/09/AtN-Regnbue-Aett-front.png,https://www.awakenthenorth.org/product/official-awaken-the-north-regnbue-aett-rainbow-clan-t-shirt/?attribute_size=2X-Large,"All Items, Clothing","Awaken The North",19USD,in stock,wc_post_id_1007,,"https://www.awakenthenorth.org/wp-content/uploads/2020/09/AtN-Regnbue-Aett-back.png",1970-01-29T00:00+00:00/1970-01-30T23:59+00:00,19USD,new,published,,,,,,,
wc_post_id_1014,"Official Awaken the North 'Regnbue Ætt' (Rainbow Clan) T-Shirt","Size: 3X-Large",https://www.awakenthenorth.org/wp-content/uploads/2020/09/AtN-Regnbue-Aett-front.png,https://www.awakenthenorth.org/product/official-awaken-the-north-regnbue-aett-rainbow-clan-t-shirt/?attribute_size=3X-Large,"All Items, Clothing","Awaken The North",20USD,in stock,wc_post_id_1007,,"https://www.awakenthenorth.org/wp-content/uploads/2020/09/AtN-Regnbue-Aett-back.png",1970-01-29T00:00+00:00/1970-01-30T23:59+00:00,20USD,new,published,,,,,,,
wc_post_id_1009,"Official Awaken the North 'Regnbue Ætt' (Rainbow Clan) T-Shirt","Size: Small",https://www.awakenthenorth.org/wp-content/uploads/2020/09/AtN-Regnbue-Aett-front.png,https://www.awakenthenorth.org/product/official-awaken-the-north-regnbue-aett-rainbow-clan-t-shirt/?attribute_size=Small,"All Items, Clothing","Awaken The North",18USD,in stock,wc_post_id_1007,,"https://www.awakenthenorth.org/wp-content/uploads/2020/09/AtN-Regnbue-Aett-back.png",1970-01-29T00:00+00:00/1970-01-30T23:59+00:00,18USD,new,published,,,,,,,
wc_post_id_1010,"Official Awaken the North 'Regnbue Ætt' (Rainbow Clan) T-Shirt","Size: Medium",https://www.awakenthenorth.org/wp-content/uploads/2020/09/AtN-Regnbue-Aett-front.png,https://www.awakenthenorth.org/product/official-awaken-the-north-regnbue-aett-rainbow-clan-t-shirt/?attribute_size=Medium,"All Items, Clothing","Awaken The North",18USD,in stock,wc_post_id_1007,,"https://www.awakenthenorth.org/wp-content/uploads/2020/09/AtN-Regnbue-Aett-back.png",1970-01-29T00:00+00:00/1970-01-30T23:59+00:00,18USD,new,published,,,,,,,
wc_post_id_1011,"Official Awaken the North 'Regnbue Ætt' (Rainbow Clan) T-Shirt","Size: Large",https://www.awakenthenorth.org/wp-content/uploads/2020/09/AtN-Regnbue-Aett-front.png,https://www.awakenthenorth.org/product/official-awaken-the-north-regnbue-aett-rainbow-clan-t-shirt/?attribute_size=Large,"All Items, Clothing","Awaken The North",18USD,in stock,wc_post_id_1007,,"https://www.awakenthenorth.org/wp-content/uploads/2020/09/AtN-Regnbue-Aett-back.png",1970-01-29T00:00+00:00/1970-01-30T23:59+00:00,18USD,new,published,,,,,,default,
wc_post_id_1008,"Official Awaken the North 'Regnbue Ætt' (Rainbow Clan) T-Shirt","Size: 5X-Large",https://www.awakenthenorth.org/wp-content/uploads/2020/09/AtN-Regnbue-Aett-front.png,https://www.awakenthenorth.org/product/official-awaken-the-north-regnbue-aett-rainbow-clan-t-shirt/?attribute_size=5X-Large,"All Items, Clothing","Awaken The North",22USD,in stock,wc_post_id_1007,,"https://www.awakenthenorth.org/wp-content/uploads/2020/09/AtN-Regnbue-Aett-back.png",1970-01-29T00:00+00:00/1970-01-30T23:59+00:00,22USD,new,published,,,,,,,
wc_post_id_992,"Official Awaken the North Shield Wall T-Shirt","Size: 4X-Large",https://www.awakenthenorth.org/wp-content/uploads/2020/09/AtNs-Shield-Wall-t-shirt-Front-2.png,https://www.awakenthenorth.org/product/official-awaken-the-north-shield-wallt-shirt/?attribute_size=4X-Large,"All Items, Clothing","Awaken The North",21USD,in stock,wc_post_id_984,,"https://www.awakenthenorth.org/wp-content/uploads/2020/09/AtNs-Shield-Wall-t-shirt-Back-1.png,https://www.awakenthenorth.org/wp-content/uploads/2020/09/AtNs-Shield-Wall-t-shirt-2.png",1970-01-29T00:00+00:00/1970-01-30T23:59+00:00,21USD,new,published,,,,,,,
wc_post_id_991,"Official Awaken the North Shield Wall T-Shirt","Size: 3X-Large",https://www.awakenthenorth.org/wp-content/uploads/2020/09/AtNs-Shield-Wall-t-shirt-Front-2.png,https://www.awakenthenorth.org/product/official-awaken-the-north-shield-wallt-shirt/?attribute_size=3X-Large,"All Items, Clothing","Awaken The North",20USD,in stock,wc_post_id_984,,"https://www.awakenthenorth.org/wp-content/uploads/2020/09/AtNs-Shield-Wall-t-shirt-Back-1.png,https://www.awakenthenorth.org/wp-content/uploads/2020/09/AtNs-Shield-Wall-t-shirt-2.png",1970-01-29T00:00+00:00/1970-01-30T23:59+00:00,20USD,new,published,,,,,,,
wc_post_id_989,"Official Awaken the North Shield Wall T-Shirt","Size: X-Large",https://www.awakenthenorth.org/wp-content/uploads/2020/09/AtNs-Shield-Wall-t-shirt-Front-2.png,https://www.awakenthenorth.org/product/official-awaken-the-north-shield-wallt-shirt/?attribute_size=X-Large,"All Items, Clothing","Awaken The North",18USD,in stock,wc_post_id_984,,"https://www.awakenthenorth.org/wp-content/uploads/2020/09/AtNs-Shield-Wall-t-shirt-Back-1.png,https://www.awakenthenorth.org/wp-content/uploads/2020/09/AtNs-Shield-Wall-t-shirt-2.png",1970-01-29T00:00+00:00/1970-01-30T23:59+00:00,18USD,new,published,,,,,,,
wc_post_id_990,"Official Awaken the North Shield Wall T-Shirt","Size: 2X-Large",https://www.awakenthenorth.org/wp-content/uploads/2020/09/AtNs-Shield-Wall-t-shirt-Front-2.png,https://www.awakenthenorth.org/product/official-awaken-the-north-shield-wallt-shirt/?attribute_size=2X-Large,"All Items, Clothing","Awaken The North",19USD,in stock,wc_post_id_984,,"https://www.awakenthenorth.org/wp-content/uploads/2020/09/AtNs-Shield-Wall-t-shirt-Back-1.png,https://www.awakenthenorth.org/wp-content/uploads/2020/09/AtNs-Shield-Wall-t-shirt-2.png",1970-01-29T00:00+00:00/1970-01-30T23:59+00:00,19USD,new,published,,,,,,,
wc_post_id_987,"Official Awaken the North Shield Wall T-Shirt","Size: Medium",https://www.awakenthenorth.org/wp-content/uploads/2020/09/AtNs-Shield-Wall-t-shirt-Front-2.png,https://www.awakenthenorth.org/product/official-awaken-the-north-shield-wallt-shirt/?attribute_size=Medium,"All Items, Clothing","Awaken The North",18USD,in stock,wc_post_id_984,,"https://www.awakenthenorth.org/wp-content/uploads/2020/09/AtNs-Shield-Wall-t-shirt-Back-1.png,https://www.awakenthenorth.org/wp-content/uploads/2020/09/AtNs-Shield-Wall-t-shirt-2.png",1970-01-29T00:00+00:00/1970-01-30T23:59+00:00,18USD,new,published,,,,,,,
wc_post_id_988,"Official Awaken the North Shield Wall T-Shirt","Size: Large",https://www.awakenthenorth.org/wp-content/uploads/2020/09/AtNs-Shield-Wall-t-shirt-Front-2.png,https://www.awakenthenorth.org/product/official-awaken-the-north-shield-wallt-shirt/?attribute_size=Large,"All Items, Clothing","Awaken The North",18USD,in stock,wc_post_id_984,,"https://www.awakenthenorth.org/wp-content/uploads/2020/09/AtNs-Shield-Wall-t-shirt-Back-1.png,https://www.awakenthenorth.org/wp-content/uploads/2020/09/AtNs-Shield-Wall-t-shirt-2.png",1970-01-29T00:00+00:00/1970-01-30T23:59+00:00,18USD,new,published,,,,,,default,
wc_post_id_985,"Official Awaken the North Shield Wall T-Shirt","Size: 5X-Large",https://www.awakenthenorth.org/wp-content/uploads/2020/09/AtNs-Shield-Wall-t-shirt-Front-2.png,https://www.awakenthenorth.org/product/official-awaken-the-north-shield-wallt-shirt/?attribute_size=5X-Large,"All Items, Clothing","Awaken The North",22USD,in stock,wc_post_id_984,,"https://www.awakenthenorth.org/wp-content/uploads/2020/09/AtNs-Shield-Wall-t-shirt-Back-1.png,https://www.awakenthenorth.org/wp-content/uploads/2020/09/AtNs-Shield-Wall-t-shirt-2.png",1970-01-29T00:00+00:00/1970-01-30T23:59+00:00,22USD,new,published,,,,,,,
wc_post_id_986,"Official Awaken the North Shield Wall T-Shirt","Size: Small",https://www.awakenthenorth.org/wp-content/uploads/2020/09/AtNs-Shield-Wall-t-shirt-Front-2.png,https://www.awakenthenorth.org/product/official-awaken-the-north-shield-wallt-shirt/?attribute_size=Small,"All Items, Clothing","Awaken The North",18USD,in stock,wc_post_id_984,,"https://www.awakenthenorth.org/wp-content/uploads/2020/09/AtNs-Shield-Wall-t-shirt-Back-1.png,https://www.awakenthenorth.org/wp-content/uploads/2020/09/AtNs-Shield-Wall-t-shirt-2.png",1970-01-29T00:00+00:00/1970-01-30T23:59+00:00,18USD,new,published,,,,,,,
wc_post_id_976,"Official Awaken the North Shield Maiden T-Shirt","Size: 2X-Large",https://www.awakenthenorth.org/wp-content/uploads/2020/09/atn-shield-maidens-front-coloured-2.png,https://www.awakenthenorth.org/product/official-awaken-the-north-shield-maiden-t-shirt/?attribute_size=2X-Large,"All Items, Clothing","Awaken The North",19USD,in stock,wc_post_id_970,,"https://www.awakenthenorth.org/wp-content/uploads/2020/09/atn-shield-maidens-back-2.png,https://www.awakenthenorth.org/wp-content/uploads/2020/09/atn-shield-maidens-design-1.png",1970-01-29T00:00+00:00/1970-01-30T23:59+00:00,19USD,new,published,,,,,,,
wc_post_id_977,"Official Awaken the North Shield Maiden T-Shirt","Size: 3X-Large",https://www.awakenthenorth.org/wp-content/uploads/2020/09/atn-shield-maidens-front-coloured-2.png,https://www.awakenthenorth.org/product/official-awaken-the-north-shield-maiden-t-shirt/?attribute_size=3X-Large,"All Items, Clothing","Awaken The North",20USD,in stock,wc_post_id_970,,"https://www.awakenthenorth.org/wp-content/uploads/2020/09/atn-shield-maidens-back-2.png,https://www.awakenthenorth.org/wp-content/uploads/2020/09/atn-shield-maidens-design-1.png",1970-01-29T00:00+00:00/1970-01-30T23:59+00:00,20USD,new,published,,,,,,,
wc_post_id_978,"Official Awaken the North Shield Maiden T-Shirt","Size: 4X-Large",https://www.awakenthenorth.org/wp-content/uploads/2020/09/atn-shield-maidens-front-coloured-2.png,https://www.awakenthenorth.org/product/official-awaken-the-north-shield-maiden-t-shirt/?attribute_size=4X-Large,"All Items, Clothing","Awaken The North",21USD,in stock,wc_post_id_970,,"https://www.awakenthenorth.org/wp-content/uploads/2020/09/atn-shield-maidens-back-2.png,https://www.awakenthenorth.org/wp-content/uploads/2020/09/atn-shield-maidens-design-1.png",1970-01-29T00:00+00:00/1970-01-30T23:59+00:00,21USD,new,published,,,,,,,
wc_post_id_974,"Official Awaken the North Shield Maiden T-Shirt","Size: Large",https://www.awakenthenorth.org/wp-content/uploads/2020/09/atn-shield-maidens-front-coloured-2.png,https://www.awakenthenorth.org/product/official-awaken-the-north-shield-maiden-t-shirt/?attribute_size=Large,"All Items, Clothing","Awaken The North",18USD,in stock,wc_post_id_970,,"https://www.awakenthenorth.org/wp-content/uploads/2020/09/atn-shield-maidens-back-2.png,https://www.awakenthenorth.org/wp-content/uploads/2020/09/atn-shield-maidens-design-1.png",1970-01-29T00:00+00:00/1970-01-30T23:59+00:00,18USD,new,published,,,,,,default,
wc_post_id_975,"Official Awaken the North Shield Maiden T-Shirt","Size: X-Large",https://www.awakenthenorth.org/wp-content/uploads/2020/09/atn-shield-maidens-front-coloured-2.png,https://www.awakenthenorth.org/product/official-awaken-the-north-shield-maiden-t-shirt/?attribute_size=X-Large,"All Items, Clothing","Awaken The North",18USD,in stock,wc_post_id_970,,"https://www.awakenthenorth.org/wp-content/uploads/2020/09/atn-shield-maidens-back-2.png,https://www.awakenthenorth.org/wp-content/uploads/2020/09/atn-shield-maidens-design-1.png",1970-01-29T00:00+00:00/1970-01-30T23:59+00:00,18USD,new,published,,,,,,,
wc_post_id_972,"Official Awaken the North Shield Maiden T-Shirt","Size: Small",https://www.awakenthenorth.org/wp-content/uploads/2020/09/atn-shield-maidens-front-coloured-2.png,https://www.awakenthenorth.org/product/official-awaken-the-north-shield-maiden-t-shirt/?attribute_size=Small,"All Items, Clothing","Awaken The North",18USD,in stock,wc_post_id_970,,"https://www.awakenthenorth.org/wp-content/uploads/2020/09/atn-shield-maidens-back-2.png,https://www.awakenthenorth.org/wp-content/uploads/2020/09/atn-shield-maidens-design-1.png",1970-01-29T00:00+00:00/1970-01-30T23:59+00:00,18USD,new,published,,,,,,,
wc_post_id_973,"Official Awaken the North Shield Maiden T-Shirt","Size: Medium",https://www.awakenthenorth.org/wp-content/uploads/2020/09/atn-shield-maidens-front-coloured-2.png,https://www.awakenthenorth.org/product/official-awaken-the-north-shield-maiden-t-shirt/?attribute_size=Medium,"All Items, Clothing","Awaken The North",18USD,in stock,wc_post_id_970,,"https://www.awakenthenorth.org/wp-content/uploads/2020/09/atn-shield-maidens-back-2.png,https://www.awakenthenorth.org/wp-content/uploads/2020/09/atn-shield-maidens-design-1.png",1970-01-29T00:00+00:00/1970-01-30T23:59+00:00,18USD,new,published,,,,,,,
wc_post_id_971,"Official Awaken the North Shield Maiden T-Shirt","Size: 5X-Large",https://www.awakenthenorth.org/wp-content/uploads/2020/09/atn-shield-maidens-front-coloured-2.png,https://www.awakenthenorth.org/product/official-awaken-the-north-shield-maiden-t-shirt/?attribute_size=5X-Large,"All Items, Clothing","Awaken The North",22USD,in stock,wc_post_id_970,,"https://www.awakenthenorth.org/wp-content/uploads/2020/09/atn-shield-maidens-back-2.png,https://www.awakenthenorth.org/wp-content/uploads/2020/09/atn-shield-maidens-design-1.png",1970-01-29T00:00+00:00/1970-01-30T23:59+00:00,22USD,new,published,,,,,,,
wc_post_id_969,"Fenris Face Mask","Premium Material: this mask is made from high quality cotton, making it soft and comfortable for your face, and provides for effortless breathing, and it won't induce discomfort. 
Great gift: This can be a good choice as gift for your family and friends! 
Wide applications: Suitable for cycling, camping, running, travel, climbing and daily use. 
Anti-Dust: Be protected from dust, small particles on air, pollen and much more. Anti-dust, anti-odor; washable and reusable. 
 
*Each item is custom made to order. Please allow 1-2 weeks for shipping.",https://www.awakenthenorth.org/wp-content/uploads/2020/09/fenris2.png,https://www.awakenthenorth.org/product/fenris-face-mask/,"All Items, Face Masks","Awaken The North",15USD,in stock,wc_post_id_969,,,1970-01-29T00:00+00:00/1970-01-30T23:59+00:00,15USD,new,published,,,,,,,
wc_post_id_968,"Fuc Of Face Mask","Premium Material: this mask is made from high quality cotton, making it soft and comfortable for your face, and provides for effortless breathing, and it won't induce discomfort. 
Great gift: This can be a good choice as gift for your family and friends! 
Wide applications: Suitable for cycling, camping, running, travel, climbing and daily use. 
Anti-Dust: Be protected from dust, small particles on air, pollen and much more. Anti-dust, anti-odor; washable and reusable. 
 
*Each item is custom made to order. Please allow 1-2 weeks for shipping.",https://www.awakenthenorth.org/wp-content/uploads/2020/09/fuc-of-1.png,https://www.awakenthenorth.org/product/fuc-of-face-mask/,"All Items, Face Masks","Awaken The North",15USD,in stock,wc_post_id_968,,,1970-01-29T00:00+00:00/1970-01-30T23:59+00:00,15USD,new,published,,,,,,,
wc_post_id_967,"Heathen Fish Face Mask","Premium Material: this mask is made from high quality cotton, making it soft and comfortable for your face, and provides for effortless breathing, and it won't induce discomfort. 
Great gift: This can be a good choice as gift for your family and friends! 
Wide applications: Suitable for cycling, camping, running, travel, climbing and daily use. 
Anti-Dust: Be protected from dust, small particles on air, pollen and much more. Anti-dust, anti-odor; washable and reusable. 
 
*Each item is custom made to order. Please allow 1-2 weeks for shipping.",https://www.awakenthenorth.org/wp-content/uploads/2020/09/heathen-fish.png,https://www.awakenthenorth.org/product/heathen-fish-face-mask/,"All Items, Face Masks","Awaken The North",15USD,in stock,wc_post_id_967,,,1970-01-29T00:00+00:00/1970-01-30T23:59+00:00,15USD,new,published,,,,,,,
wc_post_id_966,"#Heathen Face Mask","Premium Material: this mask is made from high quality cotton, making it soft and comfortable for your face, and provides for effortless breathing, and it won't induce discomfort. 
Great gift: This can be a good choice as gift for your family and friends! 
Wide applications: Suitable for cycling, camping, running, travel, climbing and daily use. 
Anti-Dust: Be protected from dust, small particles on air, pollen and much more. Anti-dust, anti-odor; washable and reusable. 
 
*Each item is custom made to order. Please allow 1-2 weeks for shipping.",https://www.awakenthenorth.org/wp-content/uploads/2020/09/heathen.png,https://www.awakenthenorth.org/product/heathen-face-mask/,"All Items, Face Masks","Awaken The North",15USD,in stock,wc_post_id_966,,,1970-01-29T00:00+00:00/1970-01-30T23:59+00:00,15USD,new,published,,,,,,,
wc_post_id_941,"Mead Face Mask","Premium Material: this mask is made from high quality cotton, making it soft and comfortable for your face, and provides for effortless breathing, and it won't induce discomfort. 
Great gift: This can be a good choice as gift for your family and friends! 
Wide applications: Suitable for cycling, camping, running, travel, climbing and daily use. 
Anti-Dust: Be protected from dust, small particles on air, pollen and much more. Anti-dust, anti-odor; washable and reusable. 
 
*Each item is custom made to order. Please allow 1-2 weeks for shipping.",https://www.awakenthenorth.org/wp-content/uploads/2020/09/mead.png,https://www.awakenthenorth.org/product/mead-face-mask/,"All Items, Face Masks","Awaken The North",15USD,in stock,wc_post_id_941,,,1970-01-29T00:00+00:00/1970-01-30T23:59+00:00,15USD,new,published,,,,,,,
wc_post_id_940,"Mjolnir Face Mask","Premium Material: this mask is made from high quality cotton, making it soft and comfortable for your face, and provides for effortless breathing, and it won't induce discomfort. 
Great gift: This can be a good choice as gift for your family and friends! 
Wide applications: Suitable for cycling, camping, running, travel, climbing and daily use. 
Anti-Dust: Be protected from dust, small particles on air, pollen and much more. Anti-dust, anti-odor; washable and reusable. 
 
*Each item is custom made to order. Please allow 1-2 weeks for shipping.",https://www.awakenthenorth.org/wp-content/uploads/2020/09/mjolnir-1.png,https://www.awakenthenorth.org/product/mjolnir-face-mask/,"All Items, Face Masks","Awaken The North",15USD,in stock,wc_post_id_940,,,1970-01-29T00:00+00:00/1970-01-30T23:59+00:00,15USD,new,published,,,,,,,
wc_post_id_939,"Thor Mjolnir Face Mask","Premium Material: this mask is made from high quality cotton, making it soft and comfortable for your face, and provides for effortless breathing, and it won't induce discomfort. 
Great gift: This can be a good choice as gift for your family and friends! 
Wide applications: Suitable for cycling, camping, running, travel, climbing and daily use. 
Anti-Dust: Be protected from dust, small particles on air, pollen and much more. Anti-dust, anti-odor; washable and reusable. 
 
*Each item is custom made to order. Please allow 1-2 weeks for shipping.",https://www.awakenthenorth.org/wp-content/uploads/2020/09/mjolnir2.png,https://www.awakenthenorth.org/product/thor-mjolnir-face-mask/,"All Items, Face Masks","Awaken The North",15USD,in stock,wc_post_id_939,,,1970-01-29T00:00+00:00/1970-01-30T23:59+00:00,15USD,new,published,,,,,,,
wc_post_id_938,"Odin on Slepnir Face Mask","Premium Material: this mask is made from high quality cotton, making it soft and comfortable for your face, and provides for effortless breathing, and it won't induce discomfort. 
Great gift: This can be a good choice as gift for your family and friends! 
Wide applications: Suitable for cycling, camping, running, travel, climbing and daily use. 
Anti-Dust: Be protected from dust, small particles on air, pollen and much more. Anti-dust, anti-odor; washable and reusable. 
 
*Each item is custom made to order. Please allow 1-2 weeks for shipping.",https://www.awakenthenorth.org/wp-content/uploads/2020/09/odin-on-slepnir.png,https://www.awakenthenorth.org/product/odin-on-slepnir-face-mask/,"All Items, Face Masks","Awaken The North",15USD,in stock,wc_post_id_938,,,1970-01-29T00:00+00:00/1970-01-30T23:59+00:00,15USD,new,published,,,,,,,
wc_post_id_937,"Shield Maiden Face Mask","Premium Material: this mask is made from high quality cotton, making it soft and comfortable for your face, and provides for effortless breathing, and it won't induce discomfort. 
Great gift: This can be a good choice as gift for your family and friends! 
Wide applications: Suitable for cycling, camping, running, travel, climbing and daily use. 
Anti-Dust: Be protected from dust, small particles on air, pollen and much more. Anti-dust, anti-odor; washable and reusable. 
 
*Each item is custom made to order. Please allow 1-2 weeks for shipping.",https://www.awakenthenorth.org/wp-content/uploads/2020/09/shield-maiden.png,https://www.awakenthenorth.org/product/shield-maiden-face-mask/,"All Items, Face Masks","Awaken The North",15USD,in stock,wc_post_id_937,,,1970-01-29T00:00+00:00/1970-01-30T23:59+00:00,15USD,new,published,,,,,,,
wc_post_id_936,"Vegvisir Face Mask","Premium Material: this mask is made from high quality cotton, making it soft and comfortable for your face, and provides for effortless breathing, and it won't induce discomfort. 
Great gift: This can be a good choice as gift for your family and friends! 
Wide applications: Suitable for cycling, camping, running, travel, climbing and daily use. 
Anti-Dust: Be protected from dust, small particles on air, pollen and much more. Anti-dust, anti-odor; washable and reusable. 
 
*Each item is custom made to order. Please allow 1-2 weeks for shipping.",https://www.awakenthenorth.org/wp-content/uploads/2020/09/vegvisir.png,https://www.awakenthenorth.org/product/vegvisir-face-mask/,"All Items, Face Masks","Awaken The North",15USD,in stock,wc_post_id_936,,,1970-01-29T00:00+00:00/1970-01-30T23:59+00:00,15USD,new,published,,,,,,,
wc_post_id_898,"Official AtN Etched Stein","This GIANT stein holds 26.5 OUNCES of drink! The glass itself weighs 3 pounds. 
 
*Each item is custom made to order. Please allow 1-2 weeks for shipping.",https://www.awakenthenorth.org/wp-content/uploads/2020/09/Stein-2.jpg,https://www.awakenthenorth.org/product/official-atn-etched-stein/,"All Items, Etched Glass","Awaken The North",12USD,in stock,wc_post_id_898,,"https://www.awakenthenorth.org/wp-content/uploads/2020/09/Stein-1.jpg",1970-01-29T00:00+00:00/1970-01-30T23:59+00:00,12USD,new,published,,,,,,,
wc_post_id_895,"Official AtN Pint Glass","Enjoy your favourite cold beverage from the Official Awaken the North pint! 
 
*Each item is custom made to order. Please allow 1-2 weeks for shipping.",https://www.awakenthenorth.org/wp-content/uploads/2020/09/Pint-1.jpg,https://www.awakenthenorth.org/product/official-atn-pint-glass/,"All Items, Etched Glass","Awaken The North",9USD,in stock,wc_post_id_895,,"https://www.awakenthenorth.org/wp-content/uploads/2020/09/Pint-2.jpg",1970-01-29T00:00+00:00/1970-01-30T23:59+00:00,9USD,new,published,,,,,,,
wc_post_id_892,"Official AtN Ball Cap","Velcro Comfy strap on the back makes this hat adjustable! 
 
*Each item is custom made to order. Please allow 1-2 weeks for shipping.",https://www.awakenthenorth.org/wp-content/uploads/2020/09/atn-hat.jpg,https://www.awakenthenorth.org/product/official-atn-ball-cap/,"All Items, Accessories, Clothing","Awaken The North",15USD,in stock,wc_post_id_892,,,1970-01-29T00:00+00:00/1970-01-30T23:59+00:00,15USD,new,published,,,,,,,
wc_post_id_889,"Official Awaken the North LGBTQIA+ T-Shirt","Size: 3X-Large",https://www.awakenthenorth.org/wp-content/uploads/2020/09/ATN-Rainbow-shirt.png,https://www.awakenthenorth.org/product/official-awaken-the-north-lgbtqia-t-shirt/?attribute_size=3X-Large,"All Items, Clothing","Awaken The North",20USD,in stock,wc_post_id_882,,"https://www.awakenthenorth.org/wp-content/uploads/2020/09/100600057_261085981966127_3274743259884158976_n.jpg,https://www.awakenthenorth.org/wp-content/uploads/2020/09/99299485_878528775998213_2081170864778248192_n.jpg,https://www.awakenthenorth.org/wp-content/uploads/2020/09/100961549_304672270549466_4322325717984477184_n.jpg,https://www.awakenthenorth.org/wp-content/uploads/2020/09/100047255_289893242169900_3938852066927050752_n.jpg",1970-01-29T00:00+00:00/1970-01-30T23:59+00:00,20USD,new,published,,,,,,,
wc_post_id_890,"Official Awaken the North LGBTQIA+ T-Shirt","Size: 4X-Large",https://www.awakenthenorth.org/wp-content/uploads/2020/09/ATN-Rainbow-shirt.png,https://www.awakenthenorth.org/product/official-awaken-the-north-lgbtqia-t-shirt/?attribute_size=4X-Large,"All Items, Clothing","Awaken The North",21USD,in stock,wc_post_id_882,,"https://www.awakenthenorth.org/wp-content/uploads/2020/09/100600057_261085981966127_3274743259884158976_n.jpg,https://www.awakenthenorth.org/wp-content/uploads/2020/09/99299485_878528775998213_2081170864778248192_n.jpg,https://www.awakenthenorth.org/wp-content/uploads/2020/09/100961549_304672270549466_4322325717984477184_n.jpg,https://www.awakenthenorth.org/wp-content/uploads/2020/09/100047255_289893242169900_3938852066927050752_n.jpg",1970-01-29T00:00+00:00/1970-01-30T23:59+00:00,21USD,new,published,,,,,,,
wc_post_id_887,"Official Awaken the North LGBTQIA+ T-Shirt","Size: X-Large",https://www.awakenthenorth.org/wp-content/uploads/2020/09/ATN-Rainbow-shirt.png,https://www.awakenthenorth.org/product/official-awaken-the-north-lgbtqia-t-shirt/?attribute_size=X-Large,"All Items, Clothing","Awaken The North",18USD,in stock,wc_post_id_882,,"https://www.awakenthenorth.org/wp-content/uploads/2020/09/100600057_261085981966127_3274743259884158976_n.jpg,https://www.awakenthenorth.org/wp-content/uploads/2020/09/99299485_878528775998213_2081170864778248192_n.jpg,https://www.awakenthenorth.org/wp-content/uploads/2020/09/100961549_304672270549466_4322325717984477184_n.jpg,https://www.awakenthenorth.org/wp-content/uploads/2020/09/100047255_289893242169900_3938852066927050752_n.jpg",1970-01-29T00:00+00:00/1970-01-30T23:59+00:00,18USD,new,published,,,,,,,
wc_post_id_888,"Official Awaken the North LGBTQIA+ T-Shirt","Size: 2X-Large",https://www.awakenthenorth.org/wp-content/uploads/2020/09/ATN-Rainbow-shirt.png,https://www.awakenthenorth.org/product/official-awaken-the-north-lgbtqia-t-shirt/?attribute_size=2X-Large,"All Items, Clothing","Awaken The North",19USD,in stock,wc_post_id_882,,"https://www.awakenthenorth.org/wp-content/uploads/2020/09/100600057_261085981966127_3274743259884158976_n.jpg,https://www.awakenthenorth.org/wp-content/uploads/2020/09/99299485_878528775998213_2081170864778248192_n.jpg,https://www.awakenthenorth.org/wp-content/uploads/2020/09/100961549_304672270549466_4322325717984477184_n.jpg,https://www.awakenthenorth.org/wp-content/uploads/2020/09/100047255_289893242169900_3938852066927050752_n.jpg",1970-01-29T00:00+00:00/1970-01-30T23:59+00:00,19USD,new,published,,,,,,,
wc_post_id_886,"Official Awaken the North LGBTQIA+ T-Shirt","Size: Large",https://www.awakenthenorth.org/wp-content/uploads/2020/09/ATN-Rainbow-shirt.png,https://www.awakenthenorth.org/product/official-awaken-the-north-lgbtqia-t-shirt/?attribute_size=Large,"All Items, Clothing","Awaken The North",18USD,in stock,wc_post_id_882,,"https://www.awakenthenorth.org/wp-content/uploads/2020/09/100600057_261085981966127_3274743259884158976_n.jpg,https://www.awakenthenorth.org/wp-content/uploads/2020/09/99299485_878528775998213_2081170864778248192_n.jpg,https://www.awakenthenorth.org/wp-content/uploads/2020/09/100961549_304672270549466_4322325717984477184_n.jpg,https://www.awakenthenorth.org/wp-content/uploads/2020/09/100047255_289893242169900_3938852066927050752_n.jpg",1970-01-29T00:00+00:00/1970-01-30T23:59+00:00,18USD,new,published,,,,,,default,
wc_post_id_885,"Official Awaken the North LGBTQIA+ T-Shirt","Size: Medium",https://www.awakenthenorth.org/wp-content/uploads/2020/09/ATN-Rainbow-shirt.png,https://www.awakenthenorth.org/product/official-awaken-the-north-lgbtqia-t-shirt/?attribute_size=Medium,"All Items, Clothing","Awaken The North",18USD,in stock,wc_post_id_882,,"https://www.awakenthenorth.org/wp-content/uploads/2020/09/100600057_261085981966127_3274743259884158976_n.jpg,https://www.awakenthenorth.org/wp-content/uploads/2020/09/99299485_878528775998213_2081170864778248192_n.jpg,https://www.awakenthenorth.org/wp-content/uploads/2020/09/100961549_304672270549466_4322325717984477184_n.jpg,https://www.awakenthenorth.org/wp-content/uploads/2020/09/100047255_289893242169900_3938852066927050752_n.jpg",1970-01-29T00:00+00:00/1970-01-30T23:59+00:00,18USD,new,published,,,,,,,
wc_post_id_884,"Official Awaken the North LGBTQIA+ T-Shirt","Size: Small",https://www.awakenthenorth.org/wp-content/uploads/2020/09/ATN-Rainbow-shirt.png,https://www.awakenthenorth.org/product/official-awaken-the-north-lgbtqia-t-shirt/?attribute_size=Small,"All Items, Clothing","Awaken The North",18USD,in stock,wc_post_id_882,,"https://www.awakenthenorth.org/wp-content/uploads/2020/09/100600057_261085981966127_3274743259884158976_n.jpg,https://www.awakenthenorth.org/wp-content/uploads/2020/09/99299485_878528775998213_2081170864778248192_n.jpg,https://www.awakenthenorth.org/wp-content/uploads/2020/09/100961549_304672270549466_4322325717984477184_n.jpg,https://www.awakenthenorth.org/wp-content/uploads/2020/09/100047255_289893242169900_3938852066927050752_n.jpg",1970-01-29T00:00+00:00/1970-01-30T23:59+00:00,18USD,new,published,,,,,,,
wc_post_id_883,"Official Awaken the North LGBTQIA+ T-Shirt","Size: 5X-Large",https://www.awakenthenorth.org/wp-content/uploads/2020/09/ATN-Rainbow-shirt.png,https://www.awakenthenorth.org/product/official-awaken-the-north-lgbtqia-t-shirt/?attribute_size=5X-Large,"All Items, Clothing","Awaken The North",22USD,in stock,wc_post_id_882,,"https://www.awakenthenorth.org/wp-content/uploads/2020/09/100600057_261085981966127_3274743259884158976_n.jpg,https://www.awakenthenorth.org/wp-content/uploads/2020/09/99299485_878528775998213_2081170864778248192_n.jpg,https://www.awakenthenorth.org/wp-content/uploads/2020/09/100961549_304672270549466_4322325717984477184_n.jpg,https://www.awakenthenorth.org/wp-content/uploads/2020/09/100047255_289893242169900_3938852066927050752_n.jpg",1970-01-29T00:00+00:00/1970-01-30T23:59+00:00,22USD,new,published,,,,,,,
wc_post_id_881,"Official Awaken the North Face Mask","Face masks are a way of life now. Show of your AtN pride with your very own Official AtN face mask! 
 
Premium Material: this mask is made from high quality cotton, making it soft and comfortable for your face, and provides for effortless breathing, and it won't induce discomfort. 
Great gift: This can be a good choice as gift for your family and friends! 
Wide applications: Suitable for cycling, camping, running, travel, climbing and daily use. 
Anti-Dust: Be protected from dust, small particles on air, pollen and much more. Anti-dust, anti-odor; washable and reusable. 
 
*Each item is custom made to order. Please allow 1-2 weeks for shipping.",https://www.awakenthenorth.org/wp-content/uploads/2020/09/AtN-Mask.jpg,https://www.awakenthenorth.org/product/official-awaken-the-north-face-mask/,"All Items, Accessories, Clothing, Face Masks","Awaken The North",15USD,in stock,wc_post_id_881,,"https://www.awakenthenorth.org/wp-content/uploads/2020/09/AtN-Mask-1.jpg",1970-01-29T00:00+00:00/1970-01-30T23:59+00:00,15USD,new,published,,,,,,,
wc_post_id_878,"Official Awaken the North T-Shirt","Size: 5X-Large",https://www.awakenthenorth.org/wp-content/uploads/2020/09/99275969_354899642140638_7562572161324417024_n.jpg,https://www.awakenthenorth.org/product/official-awaken-the-north-t-shirt/?attribute_size=5X-Large,"All Items, Clothing","Awaken The North",22USD,in stock,wc_post_id_866,,"https://www.awakenthenorth.org/wp-content/uploads/2020/09/100600057_261085981966127_3274743259884158976_n.jpg,https://www.awakenthenorth.org/wp-content/uploads/2020/09/99299485_878528775998213_2081170864778248192_n.jpg,https://www.awakenthenorth.org/wp-content/uploads/2020/09/100961549_304672270549466_4322325717984477184_n.jpg,https://www.awakenthenorth.org/wp-content/uploads/2020/09/100047255_289893242169900_3938852066927050752_n.jpg",1970-01-29T00:00+00:00/1970-01-30T23:59+00:00,22USD,new,published,,,,,,,
wc_post_id_877,"Official Awaken the North T-Shirt","Size: 4X-Large",https://www.awakenthenorth.org/wp-content/uploads/2020/09/99275969_354899642140638_7562572161324417024_n.jpg,https://www.awakenthenorth.org/product/official-awaken-the-north-t-shirt/?attribute_size=4X-Large,"All Items, Clothing","Awaken The North",21USD,in stock,wc_post_id_866,,"https://www.awakenthenorth.org/wp-content/uploads/2020/09/100600057_261085981966127_3274743259884158976_n.jpg,https://www.awakenthenorth.org/wp-content/uploads/2020/09/99299485_878528775998213_2081170864778248192_n.jpg,https://www.awakenthenorth.org/wp-content/uploads/2020/09/100961549_304672270549466_4322325717984477184_n.jpg,https://www.awakenthenorth.org/wp-content/uploads/2020/09/100047255_289893242169900_3938852066927050752_n.jpg",1970-01-29T00:00+00:00/1970-01-30T23:59+00:00,21USD,new,published,,,,,,,
wc_post_id_876,"Official Awaken the North T-Shirt","Size: 3X-Large",https://www.awakenthenorth.org/wp-content/uploads/2020/09/99275969_354899642140638_7562572161324417024_n.jpg,https://www.awakenthenorth.org/product/official-awaken-the-north-t-shirt/?attribute_size=3X-Large,"All Items, Clothing","Awaken The North",20USD,in stock,wc_post_id_866,,"https://www.awakenthenorth.org/wp-content/uploads/2020/09/100600057_261085981966127_3274743259884158976_n.jpg,https://www.awakenthenorth.org/wp-content/uploads/2020/09/99299485_878528775998213_2081170864778248192_n.jpg,https://www.awakenthenorth.org/wp-content/uploads/2020/09/100961549_304672270549466_4322325717984477184_n.jpg,https://www.awakenthenorth.org/wp-content/uploads/2020/09/100047255_289893242169900_3938852066927050752_n.jpg",1970-01-29T00:00+00:00/1970-01-30T23:59+00:00,20USD,new,published,,,,,,,
wc_post_id_875,"Official Awaken the North T-Shirt","Size: 2X-Large",https://www.awakenthenorth.org/wp-content/uploads/2020/09/99275969_354899642140638_7562572161324417024_n.jpg,https://www.awakenthenorth.org/product/official-awaken-the-north-t-shirt/?attribute_size=2X-Large,"All Items, Clothing","Awaken The North",19USD,in stock,wc_post_id_866,,"https://www.awakenthenorth.org/wp-content/uploads/2020/09/100600057_261085981966127_3274743259884158976_n.jpg,https://www.awakenthenorth.org/wp-content/uploads/2020/09/99299485_878528775998213_2081170864778248192_n.jpg,https://www.awakenthenorth.org/wp-content/uploads/2020/09/100961549_304672270549466_4322325717984477184_n.jpg,https://www.awakenthenorth.org/wp-content/uploads/2020/09/100047255_289893242169900_3938852066927050752_n.jpg",1970-01-29T00:00+00:00/1970-01-30T23:59+00:00,19USD,new,published,,,,,,,
wc_post_id_874,"Official Awaken the North T-Shirt","Size: X-Large",https://www.awakenthenorth.org/wp-content/uploads/2020/09/99275969_354899642140638_7562572161324417024_n.jpg,https://www.awakenthenorth.org/product/official-awaken-the-north-t-shirt/?attribute_size=X-Large,"All Items, Clothing","Awaken The North",18USD,in stock,wc_post_id_866,,"https://www.awakenthenorth.org/wp-content/uploads/2020/09/100600057_261085981966127_3274743259884158976_n.jpg,https://www.awakenthenorth.org/wp-content/uploads/2020/09/99299485_878528775998213_2081170864778248192_n.jpg,https://www.awakenthenorth.org/wp-content/uploads/2020/09/100961549_304672270549466_4322325717984477184_n.jpg,https://www.awakenthenorth.org/wp-content/uploads/2020/09/100047255_289893242169900_3938852066927050752_n.jpg",1970-01-29T00:00+00:00/1970-01-30T23:59+00:00,18USD,new,published,,,,,,,
wc_post_id_873,"Official Awaken the North T-Shirt","Size: Large",https://www.awakenthenorth.org/wp-content/uploads/2020/09/99275969_354899642140638_7562572161324417024_n.jpg,https://www.awakenthenorth.org/product/official-awaken-the-north-t-shirt/?attribute_size=Large,"All Items, Clothing","Awaken The North",18USD,in stock,wc_post_id_866,,"https://www.awakenthenorth.org/wp-content/uploads/2020/09/100600057_261085981966127_3274743259884158976_n.jpg,https://www.awakenthenorth.org/wp-content/uploads/2020/09/99299485_878528775998213_2081170864778248192_n.jpg,https://www.awakenthenorth.org/wp-content/uploads/2020/09/100961549_304672270549466_4322325717984477184_n.jpg,https://www.awakenthenorth.org/wp-content/uploads/2020/09/100047255_289893242169900_3938852066927050752_n.jpg",1970-01-29T00:00+00:00/1970-01-30T23:59+00:00,18USD,new,published,,,,,,default,
wc_post_id_872,"Official Awaken the North T-Shirt","Size: Medium",https://www.awakenthenorth.org/wp-content/uploads/2020/09/99275969_354899642140638_7562572161324417024_n.jpg,https://www.awakenthenorth.org/product/official-awaken-the-north-t-shirt/?attribute_size=Medium,"All Items, Clothing","Awaken The North",18USD,in stock,wc_post_id_866,,"https://www.awakenthenorth.org/wp-content/uploads/2020/09/100600057_261085981966127_3274743259884158976_n.jpg,https://www.awakenthenorth.org/wp-content/uploads/2020/09/99299485_878528775998213_2081170864778248192_n.jpg,https://www.awakenthenorth.org/wp-content/uploads/2020/09/100961549_304672270549466_4322325717984477184_n.jpg,https://www.awakenthenorth.org/wp-content/uploads/2020/09/100047255_289893242169900_3938852066927050752_n.jpg",1970-01-29T00:00+00:00/1970-01-30T23:59+00:00,18USD,new,published,,,,,,,
wc_post_id_871,"Official Awaken the North T-Shirt","Size: Small",https://www.awakenthenorth.org/wp-content/uploads/2020/09/99275969_354899642140638_7562572161324417024_n.jpg,https://www.awakenthenorth.org/product/official-awaken-the-north-t-shirt/?attribute_size=Small,"All Items, Clothing","Awaken The North",18USD,in stock,wc_post_id_866,,"https://www.awakenthenorth.org/wp-content/uploads/2020/09/100600057_261085981966127_3274743259884158976_n.jpg,https://www.awakenthenorth.org/wp-content/uploads/2020/09/99299485_878528775998213_2081170864778248192_n.jpg,https://www.awakenthenorth.org/wp-content/uploads/2020/09/100961549_304672270549466_4322325717984477184_n.jpg,https://www.awakenthenorth.org/wp-content/uploads/2020/09/100047255_289893242169900_3938852066927050752_n.jpg",1970-01-29T00:00+00:00/1970-01-30T23:59+00:00,18USD,new,published,,,,,,,
